game_id,date,season,week,game_type,home_team,away_team,home_team_id,away_team_id,home_team_abbr,away_team_abbr,home_score,away_score,home_win,home_rest_days,away_rest_days,divisional,neutral_site,espn_home_ml,espn_away_ml,espn_spread,espn_ou
401123243,2019-08-02,2019,1,preseason,Atlanta Falcons,Denver Broncos,1,7,ATL,DEN,10,14,0,7.0,7.0,0,1,,,,
401128135,2019-08-08,2019,2,preseason,Baltimore Ravens,Jacksonville Jaguars,33,30,BAL,JAX,29,0,1,7.0,7.0,0,0,,,,
401128153,2019-08-08,2019,2,preseason,New York Giants,New York Jets,19,20,NYG,NYJ,31,22,1,7.0,7.0,0,0,,,,
401128155,2019-08-08,2019,2,preseason,Detroit Lions,New England Patriots,8,17,DET,NE,3,31,0,7.0,7.0,0,0,,,,
401128168,2019-08-08,2019,2,preseason,Philadelphia Eagles,Tennessee Titans,21,10,PHI,TEN,10,27,0,7.0,7.0,0,0,,,,
401128180,2019-08-08,2019,2,preseason,Cleveland Browns,Washington,5,28,CLE,WSH,30,10,1,7.0,7.0,0,0,,,,
401128187,2019-08-08,2019,2,preseason,Buffalo Bills,Indianapolis Colts,2,11,BUF,IND,24,16,1,7.0,7.0,0,0,,,,
401128192,2019-08-08,2019,2,preseason,Miami Dolphins,Atlanta Falcons,15,1,MIA,ATL,34,27,1,7.0,6.0,0,0,,,,
401128139,2019-08-09,2019,2,preseason,Arizona Cardinals,Los Angeles Chargers,22,24,ARI,LAC,17,13,1,7.0,7.0,0,0,,,,
401128162,2019-08-09,2019,2,preseason,Green Bay Packers,Houston Texans,9,34,GB,HOU,28,26,1,7.0,7.0,0,0,,,,
401128174,2019-08-09,2019,2,preseason,Seattle Seahawks,Denver Broncos,26,7,SEA,DEN,22,14,1,7.0,7.0,0,0,,,,
401128176,2019-08-09,2019,2,preseason,Chicago Bears,Carolina Panthers,3,29,CHI,CAR,13,23,0,7.0,7.0,0,0,,,,
401128183,2019-08-09,2019,2,preseason,Pittsburgh Steelers,Tampa Bay Buccaneers,23,27,PIT,TB,30,28,1,7.0,7.0,0,0,,,,
401128167,2019-08-10,2019,2,preseason,New Orleans Saints,Minnesota Vikings,18,16,NO,MIN,25,34,0,7.0,7.0,0,0,,,,
401128141,2019-08-11,2019,2,preseason,San Francisco 49ers,Dallas Cowboys,25,6,SF,DAL,17,9,1,7.0,7.0,0,0,,,,
401128160,2019-08-11,2019,2,preseason,Kansas City Chiefs,Cincinnati Bengals,12,4,KC,CIN,38,17,1,7.0,7.0,0,0,,,,
401129055,2019-08-11,2019,2,preseason,Oakland Raiders,Los Angeles Rams,13,14,LV,LAR,14,3,1,7.0,7.0,0,0,,,,
401128136,2019-08-15,2019,3,preseason,Baltimore Ravens,Green Bay Packers,33,9,BAL,GB,26,13,1,7.0,6.0,0,0,,,,
401128161,2019-08-15,2019,3,preseason,Washington,Cincinnati Bengals,28,4,WSH,CIN,13,23,0,7.0,4.0,0,0,,,,
401128171,2019-08-15,2019,3,preseason,Jacksonville Jaguars,Philadelphia Eagles,30,21,JAX,PHI,10,24,0,7.0,7.0,0,0,,,,
401128193,2019-08-15,2019,3,preseason,Atlanta Falcons,New York Jets,1,20,ATL,NYJ,10,22,0,7.0,7.0,0,0,,,,
401126622,2019-08-16,2019,3,preseason,Arizona Cardinals,Oakland Raiders,22,13,ARI,LV,26,33,0,7.0,5.0,0,0,,,,
401128154,2019-08-16,2019,3,preseason,New York Giants,Chicago Bears,19,3,NYG,CHI,32,13,1,8.0,7.0,0,0,,,,
401128184,2019-08-16,2019,3,preseason,Tampa Bay Buccaneers,Miami Dolphins,27,15,TB,MIA,16,14,1,7.0,8.0,0,0,,,,
401128188,2019-08-16,2019,3,preseason,Carolina Panthers,Buffalo Bills,29,2,CAR,BUF,14,27,0,7.0,8.0,0,0,,,,
401128156,2019-08-17,2019,3,preseason,Tennessee Titans,New England Patriots,10,17,TEN,NE,17,22,0,9.0,9.0,0,0,,,,
401128182,2019-08-17,2019,3,preseason,Pittsburgh Steelers,Kansas City Chiefs,23,12,PIT,KC,17,7,1,8.0,6.0,0,0,,,,
401128189,2019-08-17,2019,3,preseason,Indianapolis Colts,Cleveland Browns,11,5,IND,CLE,18,21,0,9.0,9.0,0,0,,,,
401126623,2019-08-18,2019,3,preseason,Los Angeles Chargers,New Orleans Saints,24,18,LAC,NO,17,19,0,9.0,8.0,0,0,,,,
401128164,2019-08-18,2019,3,preseason,Houston Texans,Detroit Lions,34,8,HOU,DET,30,23,1,9.0,10.0,0,0,,,,
401128953,2019-08-18,2019,3,preseason,Los Angeles Rams,Dallas Cowboys,14,6,LAR,DAL,10,14,0,7.0,7.0,0,1,,,,
401126624,2019-08-19,2019,3,preseason,Minnesota Vikings,Seattle Seahawks,16,26,MIN,SEA,25,19,1,9.0,10.0,0,0,,,,
401126625,2019-08-20,2019,3,preseason,Denver Broncos,San Francisco 49ers,7,25,DEN,SF,15,24,0,11.0,9.0,0,0,,,,
401128137,2019-08-22,2019,4,preseason,Philadelphia Eagles,Baltimore Ravens,21,33,PHI,BAL,15,26,0,7.0,7.0,0,0,,,,
401128157,2019-08-22,2019,4,preseason,Cincinnati Bengals,New York Giants,4,19,CIN,NYG,23,25,0,7.0,6.0,0,0,,,,
401128158,2019-08-22,2019,4,preseason,New England Patriots,Carolina Panthers,17,29,NE,CAR,10,3,1,5.0,6.0,0,0,,,,
401128181,2019-08-22,2019,4,preseason,Atlanta Falcons,Washington,1,28,ATL,WSH,7,19,0,7.0,7.0,0,0,,,,
401126626,2019-08-23,2019,4,preseason,Miami Dolphins,Jacksonville Jaguars,15,30,MIA,JAX,22,7,1,7.0,8.0,0,0,,,,
401128185,2019-08-23,2019,4,preseason,Tampa Bay Buccaneers,Cleveland Browns,27,5,TB,CLE,13,12,1,7.0,6.0,0,0,,,,
401136833,2019-08-23,2019,4,preseason,Oakland Raiders,Green Bay Packers,13,9,LV,GB,22,21,1,7.0,8.0,0,1,,,,
401126627,2019-08-24,2019,4,preseason,Detroit Lions,Buffalo Bills,8,2,DET,BUF,20,24,0,6.0,8.0,0,0,,,,
401128165,2019-08-24,2019,4,preseason,Dallas Cowboys,Houston Texans,6,34,DAL,HOU,34,0,1,6.0,6.0,0,0,,,,
401128169,2019-08-24,2019,4,preseason,Minnesota Vikings,Arizona Cardinals,16,22,MIN,ARI,20,9,1,5.0,8.0,0,0,,,,
401128177,2019-08-24,2019,4,preseason,Indianapolis Colts,Chicago Bears,11,3,IND,CHI,17,27,0,7.0,8.0,0,0,,,,
401128190,2019-08-24,2019,4,preseason,New York Jets,New Orleans Saints,20,18,NYJ,NO,13,28,0,9.0,6.0,0,0,,,,
401128142,2019-08-25,2019,4,preseason,Kansas City Chiefs,San Francisco 49ers,12,25,KC,SF,17,27,0,8.0,5.0,0,0,,,,
401128144,2019-08-25,2019,4,preseason,Los Angeles Chargers,Seattle Seahawks,24,26,LAC,SEA,15,23,0,7.0,6.0,0,0,,,,
401129054,2019-08-25,2019,4,preseason,Los Angeles Rams,Denver Broncos,14,7,LAR,DEN,10,6,1,7.0,5.0,0,0,,,,
401126628,2019-08-26,2019,4,preseason,Tennessee Titans,Pittsburgh Steelers,10,23,TEN,PIT,6,18,0,9.0,9.0,0,0,,,,
401127913,2019-09-06,2019,1,regular,Chicago Bears,Green Bay Packers,3,9,CHI,GB,3,10,0,13.0,14.0,1,0,,,,
401127923,2019-09-08,2019,1,regular,Carolina Panthers,Los Angeles Rams,29,14,CAR,LAR,27,30,0,17.0,14.0,0,0,,,,
401127928,2019-09-08,2019,1,regular,Cleveland Browns,Tennessee Titans,5,10,CLE,TEN,13,43,0,16.0,13.0,0,0,,,,
401127931,2019-09-08,2019,1,regular,Jacksonville Jaguars,Kansas City Chiefs,30,12,JAX,KC,26,40,0,16.0,14.0,0,0,,,,
401127954,2019-09-08,2019,1,regular,Miami Dolphins,Baltimore Ravens,15,33,MIA,BAL,10,59,0,16.0,17.0,0,0,,,,
401127961,2019-09-08,2019,1,regular,Minnesota Vikings,Atlanta Falcons,16,1,MIN,ATL,28,12,1,15.0,17.0,0,0,,,,
401127963,2019-09-08,2019,1,regular,New York Jets,Buffalo Bills,20,2,NYJ,BUF,16,17,0,15.0,15.0,1,0,,,,
401127968,2019-09-08,2019,1,regular,Philadelphia Eagles,Washington,21,28,PHI,WSH,32,27,1,17.0,17.0,1,0,,,,
401127972,2019-09-08,2019,1,regular,Los Angeles Chargers,Indianapolis Colts,24,11,LAC,IND,30,24,1,14.0,15.0,0,0,,,,
401127995,2019-09-08,2019,1,regular,Seattle Seahawks,Cincinnati Bengals,26,4,SEA,CIN,21,20,1,14.0,17.0,0,0,,,,
401128007,2019-09-08,2019,1,regular,Dallas Cowboys,New York Giants,6,19,DAL,NYG,35,17,1,15.0,17.0,1,0,,,,
401128010,2019-09-08,2019,1,regular,Tampa Bay Buccaneers,San Francisco 49ers,27,25,TB,SF,17,31,0,16.0,14.0,0,0,,,,
401127860,2019-09-09,2019,1,regular,New England Patriots,Pittsburgh Steelers,17,23,NE,PIT,33,3,1,18.0,14.0,0,0,,,,
401128021,2019-09-09,2019,1,regular,New Orleans Saints,Houston Texans,18,34,NO,HOU,30,28,1,16.0,16.0,0,0,,,,
401128025,2019-09-10,2019,1,regular,Oakland Raiders,Denver Broncos,13,7,LV,DEN,24,16,1,18.0,16.0,1,0,,,,
401128054,2019-09-13,2019,2,regular,Carolina Panthers,Tampa Bay Buccaneers,29,27,CAR,TB,14,20,0,5.0,5.0,1,0,,,,
401127862,2019-09-15,2019,2,regular,Miami Dolphins,New England Patriots,15,17,MIA,NE,0,43,0,7.0,6.0,1,0,,,,
401128061,2019-09-15,2019,2,regular,Baltimore Ravens,Arizona Cardinals,33,22,BAL,ARI,23,17,1,7.0,7.0,0,0,,,,
401128066,2019-09-15,2019,2,regular,Cincinnati Bengals,San Francisco 49ers,4,25,CIN,SF,17,41,0,7.0,7.0,0,0,,,,
401128072,2019-09-15,2019,2,regular,Detroit Lions,Los Angeles Chargers,8,24,DET,LAC,13,10,1,7.0,7.0,0,0,,,,
401128098,2019-09-15,2019,2,regular,Green Bay Packers,Minnesota Vikings,9,16,GB,MIN,21,16,1,9.0,7.0,1,0,,,,
401128101,2019-09-15,2019,2,regular,Houston Texans,Jacksonville Jaguars,34,30,HOU,JAX,13,12,1,6.0,7.0,1,0,,,,
401128106,2019-09-15,2019,2,regular,New York Giants,Buffalo Bills,19,2,NYG,BUF,14,28,0,7.0,7.0,0,0,,,,
401128110,2019-09-15,2019,2,regular,Pittsburgh Steelers,Seattle Seahawks,23,26,PIT,SEA,26,28,0,6.0,7.0,0,0,,,,
401128114,2019-09-15,2019,2,regular,Tennessee Titans,Indianapolis Colts,10,11,TEN,IND,17,19,0,7.0,7.0,1,0,,,,
401128115,2019-09-15,2019,2,regular,Washington,Dallas Cowboys,28,6,WSH,DAL,21,31,0,7.0,7.0,1,0,,,,
401128118,2019-09-15,2019,2,regular,Oakland Raiders,Kansas City Chiefs,13,12,LV,KC,10,28,0,5.0,7.0,1,0,,,,
401128120,2019-09-15,2019,2,regular,Denver Broncos,Chicago Bears,7,3,DEN,CHI,14,16,0,5.0,9.0,0,0,,,,
401128122,2019-09-15,2019,2,regular,Los Angeles Rams,New Orleans Saints,14,18,LAR,NO,27,9,1,7.0,6.0,0,0,,,,
401128124,2019-09-16,2019,2,regular,Atlanta Falcons,Philadelphia Eagles,1,21,ATL,PHI,24,20,1,8.0,8.0,0,0,,,,
401128127,2019-09-17,2019,2,regular,New York Jets,Cleveland Browns,20,5,NYJ,CLE,3,23,0,9.0,9.0,0,0,,,,
401127859,2019-09-20,2019,3,regular,Jacksonville Jaguars,Tennessee Titans,30,10,JAX,TEN,20,7,1,5.0,5.0,1,0,,,,
401127861,2019-09-22,2019,3,regular,New England Patriots,New York Jets,17,20,NE,NYJ,30,14,1,7.0,5.0,1,0,,,,
401127915,2019-09-22,2019,3,regular,Buffalo Bills,Cincinnati Bengals,2,4,BUF,CIN,21,17,1,7.0,7.0,0,0,,,,
401127921,2019-09-22,2019,3,regular,Dallas Cowboys,Miami Dolphins,6,15,DAL,MIA,31,6,1,7.0,7.0,0,0,,,,
401127925,2019-09-22,2019,3,regular,Green Bay Packers,Denver Broncos,9,7,GB,DEN,27,16,1,7.0,7.0,0,0,,,,
401127929,2019-09-22,2019,3,regular,Indianapolis Colts,Atlanta Falcons,11,1,IND,ATL,27,24,1,7.0,6.0,0,0,,,,
401127953,2019-09-22,2019,3,regular,Kansas City Chiefs,Baltimore Ravens,12,33,KC,BAL,33,28,1,7.0,7.0,0,0,,,,
401127956,2019-09-22,2019,3,regular,Minnesota Vikings,Oakland Raiders,16,13,MIN,LV,34,14,1,7.0,7.0,0,0,,,,
401127959,2019-09-22,2019,3,regular,Philadelphia Eagles,Detroit Lions,21,8,PHI,DET,24,27,0,6.0,7.0,0,0,,,,
401127962,2019-09-22,2019,3,regular,Arizona Cardinals,Carolina Panthers,22,29,ARI,CAR,20,38,0,7.0,9.0,0,0,,,,
401127966,2019-09-22,2019,3,regular,Tampa Bay Buccaneers,New York Giants,27,19,TB,NYG,31,32,0,9.0,7.0,0,0,,,,
401127970,2019-09-22,2019,3,regular,Los Angeles Chargers,Houston Texans,24,34,LAC,HOU,20,27,0,7.0,7.0,0,0,,,,
401127993,2019-09-22,2019,3,regular,Seattle Seahawks,New Orleans Saints,26,18,SEA,NO,27,33,0,7.0,7.0,0,0,,,,
401127998,2019-09-22,2019,3,regular,San Francisco 49ers,Pittsburgh Steelers,25,23,SF,PIT,24,20,1,7.0,7.0,0,0,,,,
401128125,2019-09-23,2019,3,regular,Cleveland Browns,Los Angeles Rams,5,14,CLE,LAR,13,20,0,6.0,8.0,0,0,,,,
401128003,2019-09-24,2019,3,regular,Washington,Chicago Bears,28,3,WSH,CHI,15,31,0,9.0,9.0,0,0,,,,
401127863,2019-09-27,2019,4,regular,Green Bay Packers,Philadelphia Eagles,9,21,GB,PHI,27,34,0,5.0,5.0,0,0,,,,
401127866,2019-09-29,2019,4,regular,Buffalo Bills,New England Patriots,2,17,BUF,NE,10,16,0,7.0,7.0,1,0,,,,
401128016,2019-09-29,2019,4,regular,Atlanta Falcons,Tennessee Titans,1,10,ATL,TEN,10,24,0,7.0,9.0,0,0,,,,
401128018,2019-09-29,2019,4,regular,Baltimore Ravens,Cleveland Browns,33,5,BAL,CLE,25,40,0,7.0,6.0,1,0,,,,
401128023,2019-09-29,2019,4,regular,Detroit Lions,Kansas City Chiefs,8,12,DET,KC,30,34,0,7.0,7.0,0,0,,,,
401128026,2019-09-29,2019,4,regular,Houston Texans,Carolina Panthers,34,29,HOU,CAR,10,16,0,7.0,7.0,0,0,,,,
401128030,2019-09-29,2019,4,regular,Indianapolis Colts,Oakland Raiders,11,13,IND,LV,24,31,0,7.0,7.0,0,0,,,,
401128055,2019-09-29,2019,4,regular,Miami Dolphins,Los Angeles Chargers,15,24,MIA,LAC,10,30,0,7.0,7.0,0,0,,,,
401128059,2019-09-29,2019,4,regular,New York Giants,Washington,19,28,NYG,WSH,24,3,1,7.0,5.0,1,0,,,,
401128064,2019-09-29,2019,4,regular,Arizona Cardinals,Seattle Seahawks,22,26,ARI,SEA,10,27,0,7.0,7.0,1,0,,,,
401128069,2019-09-29,2019,4,regular,Los Angeles Rams,Tampa Bay Buccaneers,14,27,LAR,TB,40,55,0,6.0,7.0,0,0,,,,
401128093,2019-09-29,2019,4,regular,Chicago Bears,Minnesota Vikings,3,16,CHI,MIN,16,6,1,5.0,7.0,1,0,,,,
401128097,2019-09-29,2019,4,regular,Denver Broncos,Jacksonville Jaguars,7,30,DEN,JAX,24,26,0,7.0,9.0,0,0,,,,
401128102,2019-09-30,2019,4,regular,New Orleans Saints,Dallas Cowboys,18,6,NO,DAL,12,10,1,8.0,8.0,0,0,,,,
401128109,2019-10-01,2019,4,regular,Pittsburgh Steelers,Cincinnati Bengals,23,4,PIT,CIN,27,3,1,9.0,9.0,1,0,,,,
401127927,2019-10-04,2019,5,regular,Seattle Seahawks,Los Angeles Rams,26,14,SEA,LAR,30,29,1,5.0,5.0,1,0,,,,
401127864,2019-10-06,2019,5,regular,Washington,New England Patriots,28,17,WSH,NE,7,33,0,7.0,7.0,0,0,,,,
401127932,2019-10-06,2019,5,regular,Carolina Panthers,Jacksonville Jaguars,29,30,CAR,JAX,34,27,1,7.0,7.0,0,0,,,,
401127958,2019-10-06,2019,5,regular,Cincinnati Bengals,Arizona Cardinals,4,22,CIN,ARI,23,26,0,5.0,7.0,0,0,,,,
401127960,2019-10-06,2019,5,regular,Houston Texans,Atlanta Falcons,34,1,HOU,ATL,53,32,1,7.0,7.0,0,0,,,,
401127965,2019-10-06,2019,5,regular,New Orleans Saints,Tampa Bay Buccaneers,18,27,NO,TB,31,24,1,6.0,7.0,1,0,,,,
401127971,2019-10-06,2019,5,regular,New York Giants,Minnesota Vikings,19,16,NYG,MIN,10,28,0,7.0,7.0,0,0,,,,
401128001,2019-10-06,2019,5,regular,Oakland Raiders,Chicago Bears,13,3,LV,CHI,24,21,1,7.0,7.0,0,1,,,,
401128006,2019-10-06,2019,5,regular,Philadelphia Eagles,New York Jets,21,20,PHI,NYJ,31,6,1,9.0,14.0,0,0,,,,
401128011,2019-10-06,2019,5,regular,Pittsburgh Steelers,Baltimore Ravens,23,33,PIT,BAL,23,26,0,5.0,7.0,1,0,,,,
401128014,2019-10-06,2019,5,regular,Tennessee Titans,Buffalo Bills,10,2,TEN,BUF,7,14,0,7.0,7.0,0,0,,,,
401128019,2019-10-06,2019,5,regular,Los Angeles Chargers,Denver Broncos,24,7,LAC,DEN,13,20,0,7.0,7.0,1,0,,,,
401128029,2019-10-06,2019,5,regular,Dallas Cowboys,Green Bay Packers,6,9,DAL,GB,24,34,0,6.0,9.0,0,0,,,,
401128053,2019-10-07,2019,5,regular,Kansas City Chiefs,Indianapolis Colts,12,11,KC,IND,13,19,0,8.0,8.0,0,0,,,,
401128062,2019-10-08,2019,5,regular,San Francisco 49ers,Cleveland Browns,25,5,SF,CLE,31,3,1,16.0,9.0,0,0,,,,
401127917,2019-10-11,2019,6,regular,New England Patriots,New York Giants,17,19,NE,NYG,35,14,1,5.0,5.0,0,0,,,,
401128096,2019-10-13,2019,6,regular,Tampa Bay Buccaneers,Carolina Panthers,27,29,TB,CAR,26,37,0,7.0,7.0,1,1,,,,
401128105,2019-10-13,2019,6,regular,Baltimore Ravens,Cincinnati Bengals,33,4,BAL,CIN,23,17,1,7.0,7.0,1,0,,,,
401128111,2019-10-13,2019,6,regular,Cleveland Browns,Seattle Seahawks,5,26,CLE,SEA,28,32,0,5.0,9.0,0,0,,,,
401128116,2019-10-13,2019,6,regular,Jacksonville Jaguars,New Orleans Saints,30,18,JAX,NO,6,13,0,7.0,7.0,0,0,,,,
401128119,2019-10-13,2019,6,regular,Kansas City Chiefs,Houston Texans,12,34,KC,HOU,24,31,0,6.0,7.0,0,0,,,,
401128121,2019-10-13,2019,6,regular,Miami Dolphins,Washington,15,28,MIA,WSH,16,17,0,14.0,7.0,0,0,,,,
401128123,2019-10-13,2019,6,regular,Minnesota Vikings,Philadelphia Eagles,16,21,MIN,PHI,38,20,1,7.0,7.0,0,0,,,,
401128126,2019-10-13,2019,6,regular,Arizona Cardinals,Atlanta Falcons,22,1,ARI,ATL,34,33,1,7.0,7.0,0,0,,,,
401128128,2019-10-13,2019,6,regular,Los Angeles Rams,San Francisco 49ers,14,25,LAR,SF,7,20,0,9.0,5.0,1,0,,,,
401128129,2019-10-13,2019,6,regular,Denver Broncos,Tennessee Titans,7,10,DEN,TEN,16,0,1,7.0,7.0,0,0,,,,
401128130,2019-10-13,2019,6,regular,New York Jets,Dallas Cowboys,20,6,NYJ,DAL,24,22,1,7.0,7.0,0,0,,,,
401128131,2019-10-14,2019,6,regular,Los Angeles Chargers,Pittsburgh Steelers,24,23,LAC,PIT,17,24,0,8.0,8.0,0,0,,,,
401128132,2019-10-15,2019,6,regular,Green Bay Packers,Detroit Lions,9,8,GB,DET,23,22,1,9.0,16.0,1,0,,,,
401127902,2019-10-18,2019,7,regular,Denver Broncos,Kansas City Chiefs,7,12,DEN,KC,6,30,0,5.0,5.0,1,0,,,,
401127940,2019-10-20,2019,7,regular,Atlanta Falcons,Los Angeles Rams,1,14,ATL,LAR,10,37,0,7.0,7.0,0,0,,,,
401127942,2019-10-20,2019,7,regular,Buffalo Bills,Miami Dolphins,2,15,BUF,MIA,31,21,1,14.0,7.0,1,0,,,,
401127945,2019-10-20,2019,7,regular,Cincinnati Bengals,Jacksonville Jaguars,4,30,CIN,JAX,17,27,0,7.0,7.0,0,0,,,,
401127947,2019-10-20,2019,7,regular,Detroit Lions,Minnesota Vikings,8,16,DET,MIN,30,42,0,5.0,7.0,1,0,,,,
401127949,2019-10-20,2019,7,regular,Green Bay Packers,Oakland Raiders,9,13,GB,LV,42,24,1,5.0,14.0,0,0,,,,
401127951,2019-10-20,2019,7,regular,Indianapolis Colts,Houston Texans,11,34,IND,HOU,30,23,1,13.0,7.0,1,0,,,,
401127974,2019-10-20,2019,7,regular,New York Giants,Arizona Cardinals,19,22,NYG,ARI,21,27,0,9.0,7.0,0,0,,,,
401127977,2019-10-20,2019,7,regular,Washington,San Francisco 49ers,28,25,WSH,SF,0,9,0,7.0,7.0,0,0,,,,
401127979,2019-10-20,2019,7,regular,Tennessee Titans,Los Angeles Chargers,10,24,TEN,LAC,23,20,1,7.0,6.0,0,0,,,,
401127982,2019-10-20,2019,7,regular,Chicago Bears,New Orleans Saints,3,18,CHI,NO,25,36,0,14.0,7.0,0,0,,,,
401127985,2019-10-20,2019,7,regular,Seattle Seahawks,Baltimore Ravens,26,33,SEA,BAL,16,30,0,7.0,7.0,0,0,,,,
401127987,2019-10-21,2019,7,regular,Dallas Cowboys,Philadelphia Eagles,6,21,DAL,PHI,37,10,1,8.0,8.0,1,0,,,,
401127894,2019-10-22,2019,7,regular,New York Jets,New England Patriots,20,17,NYJ,NE,0,33,0,9.0,11.0,1,0,,,,
401127905,2019-10-25,2019,8,regular,Minnesota Vikings,Washington,16,28,MIN,WSH,19,9,1,5.0,5.0,0,0,,,,
401127895,2019-10-27,2019,8,regular,New England Patriots,Cleveland Browns,17,5,NE,CLE,27,13,1,5.0,14.0,0,0,,,,
401127912,2019-10-27,2019,8,regular,Los Angeles Rams,Cincinnati Bengals,14,4,LAR,CIN,24,10,1,7.0,7.0,0,1,,,,
401128035,2019-10-27,2019,8,regular,Atlanta Falcons,Seattle Seahawks,1,26,ATL,SEA,20,27,0,7.0,7.0,0,0,,,,
401128037,2019-10-27,2019,8,regular,Buffalo Bills,Philadelphia Eagles,2,21,BUF,PHI,13,31,0,7.0,6.0,0,0,,,,
401128039,2019-10-27,2019,8,regular,Chicago Bears,Los Angeles Chargers,3,24,CHI,LAC,16,17,0,7.0,7.0,0,0,,,,
401128042,2019-10-27,2019,8,regular,Detroit Lions,New York Giants,8,19,DET,NYG,31,26,1,7.0,7.0,0,0,,,,
401128043,2019-10-27,2019,8,regular,Houston Texans,Oakland Raiders,34,13,HOU,LV,27,24,1,7.0,7.0,0,0,,,,
401128045,2019-10-27,2019,8,regular,Jacksonville Jaguars,New York Jets,30,20,JAX,NYJ,29,15,1,7.0,5.0,0,0,,,,
401128046,2019-10-27,2019,8,regular,New Orleans Saints,Arizona Cardinals,18,22,NO,ARI,31,9,1,7.0,7.0,0,0,,,,
401128048,2019-10-27,2019,8,regular,Tennessee Titans,Tampa Bay Buccaneers,10,27,TEN,TB,27,23,1,7.0,14.0,0,0,,,,
401128050,2019-10-27,2019,8,regular,San Francisco 49ers,Carolina Panthers,25,29,SF,CAR,51,13,1,7.0,14.0,0,0,,,,
401128051,2019-10-27,2019,8,regular,Indianapolis Colts,Denver Broncos,11,7,IND,DEN,15,13,1,7.0,9.0,0,0,,,,
401128073,2019-10-28,2019,8,regular,Kansas City Chiefs,Green Bay Packers,12,9,KC,GB,24,31,0,10.0,8.0,0,0,,,,
401128074,2019-10-29,2019,8,regular,Pittsburgh Steelers,Miami Dolphins,23,15,PIT,MIA,27,14,1,15.0,9.0,0,0,,,,
401127908,2019-11-01,2019,9,regular,Arizona Cardinals,San Francisco 49ers,22,25,ARI,SF,25,28,0,5.0,5.0,1,0,,,,
401127936,2019-11-03,2019,9,regular,Jacksonville Jaguars,Houston Texans,30,34,JAX,HOU,3,26,0,7.0,7.0,1,1,,,,
401128076,2019-11-03,2019,9,regular,Buffalo Bills,Washington,2,28,BUF,WSH,24,9,1,7.0,9.0,0,0,,,,
401128078,2019-11-03,2019,9,regular,Carolina Panthers,Tennessee Titans,29,10,CAR,TEN,30,20,1,7.0,7.0,0,0,,,,
401128079,2019-11-03,2019,9,regular,Kansas City Chiefs,Minnesota Vikings,12,16,KC,MIN,26,23,1,6.0,9.0,0,0,,,,
401128080,2019-11-03,2019,9,regular,Miami Dolphins,New York Jets,15,20,MIA,NYJ,26,18,1,5.0,7.0,1,0,,,,
401128082,2019-11-03,2019,9,regular,Philadelphia Eagles,Chicago Bears,21,3,PHI,CHI,22,14,1,7.0,7.0,0,0,,,,
401128083,2019-11-03,2019,9,regular,Pittsburgh Steelers,Indianapolis Colts,23,11,PIT,IND,26,24,1,5.0,7.0,0,0,,,,
401128085,2019-11-03,2019,9,regular,Oakland Raiders,Detroit Lions,13,8,LV,DET,31,24,1,7.0,7.0,0,0,,,,
401128087,2019-11-03,2019,9,regular,Seattle Seahawks,Tampa Bay Buccaneers,26,27,SEA,TB,40,34,1,7.0,7.0,0,0,,,,
401128088,2019-11-03,2019,9,regular,Denver Broncos,Cleveland Browns,7,5,DEN,CLE,24,19,1,7.0,7.0,0,0,,,,
401128090,2019-11-03,2019,9,regular,Los Angeles Chargers,Green Bay Packers,24,9,LAC,GB,26,11,1,7.0,6.0,0,0,,,,
401127899,2019-11-04,2019,9,regular,Baltimore Ravens,New England Patriots,33,17,BAL,NE,37,20,1,15.0,8.0,0,0,,,,
401128091,2019-11-05,2019,9,regular,New York Giants,Dallas Cowboys,19,6,NYG,DAL,18,37,0,9.0,15.0,1,0,,,,
401127907,2019-11-08,2019,10,regular,Oakland Raiders,Los Angeles Chargers,13,24,LV,LAC,26,24,1,5.0,5.0,1,0,,,,
401127911,2019-11-10,2019,10,regular,Chicago Bears,Detroit Lions,3,8,CHI,DET,20,13,1,7.0,7.0,1,0,,,,
401127934,2019-11-10,2019,10,regular,Cincinnati Bengals,Baltimore Ravens,4,33,CIN,BAL,13,49,0,14.0,6.0,1,0,,,,
401127939,2019-11-10,2019,10,regular,Cleveland Browns,Buffalo Bills,5,2,CLE,BUF,19,16,1,7.0,7.0,0,0,,,,
401127944,2019-11-10,2019,10,regular,Green Bay Packers,Carolina Panthers,9,29,GB,CAR,24,16,1,7.0,7.0,0,0,,,,
401127948,2019-11-10,2019,10,regular,New Orleans Saints,Atlanta Falcons,18,1,NO,ATL,9,26,0,14.0,14.0,1,0,,,,
401127952,2019-11-10,2019,10,regular,New York Jets,New York Giants,20,19,NYJ,NYG,34,27,1,7.0,5.0,0,0,,,,
401127976,2019-11-10,2019,10,regular,Tampa Bay Buccaneers,Arizona Cardinals,27,22,TB,ARI,30,27,1,7.0,9.0,0,0,,,,
401127981,2019-11-10,2019,10,regular,Tennessee Titans,Kansas City Chiefs,10,12,TEN,KC,35,32,1,7.0,7.0,0,0,,,,
401127986,2019-11-10,2019,10,regular,Indianapolis Colts,Miami Dolphins,11,15,IND,MIA,12,16,0,7.0,7.0,0,0,,,,
401127989,2019-11-10,2019,10,regular,Pittsburgh Steelers,Los Angeles Rams,23,14,PIT,LAR,17,12,1,7.0,14.0,0,0,,,,
401128041,2019-11-11,2019,10,regular,Dallas Cowboys,Minnesota Vikings,6,16,DAL,MIN,24,28,0,6.0,8.0,0,0,,,,
401127992,2019-11-12,2019,10,regular,San Francisco 49ers,Seattle Seahawks,25,26,SF,SEA,24,27,0,11.0,9.0,1,0,,,,
401128044,2019-11-15,2019,11,regular,Cleveland Browns,Pittsburgh Steelers,5,23,CLE,PIT,21,7,1,5.0,5.0,1,0,,,,
401127897,2019-11-17,2019,11,regular,Philadelphia Eagles,New England Patriots,21,17,PHI,NE,10,17,0,14.0,13.0,0,0,,,,
401128047,2019-11-17,2019,11,regular,Baltimore Ravens,Houston Texans,33,34,BAL,HOU,41,7,1,7.0,14.0,0,0,,,,
401128049,2019-11-17,2019,11,regular,Carolina Panthers,Atlanta Falcons,29,1,CAR,ATL,3,29,0,7.0,7.0,1,0,,,,
401128052,2019-11-17,2019,11,regular,Detroit Lions,Dallas Cowboys,8,6,DET,DAL,27,35,0,7.0,6.0,0,0,,,,
401128075,2019-11-17,2019,11,regular,Indianapolis Colts,Jacksonville Jaguars,11,30,IND,JAX,33,13,1,7.0,14.0,1,0,,,,
401128077,2019-11-17,2019,11,regular,Miami Dolphins,Buffalo Bills,15,2,MIA,BUF,20,37,0,7.0,7.0,1,0,,,,
401128081,2019-11-17,2019,11,regular,Minnesota Vikings,Denver Broncos,16,7,MIN,DEN,27,23,1,6.0,14.0,0,0,,,,
401128084,2019-11-17,2019,11,regular,Tampa Bay Buccaneers,New Orleans Saints,27,18,TB,NO,17,34,0,7.0,7.0,1,0,,,,
401128086,2019-11-17,2019,11,regular,Washington,New York Jets,28,20,WSH,NYJ,17,34,0,14.0,7.0,0,0,,,,
401128089,2019-11-17,2019,11,regular,San Francisco 49ers,Arizona Cardinals,25,22,SF,ARI,36,26,1,5.0,7.0,1,0,,,,
401128092,2019-11-17,2019,11,regular,Oakland Raiders,Cincinnati Bengals,13,4,LV,CIN,17,10,1,9.0,7.0,0,0,,,,
401128133,2019-11-18,2019,11,regular,Los Angeles Rams,Chicago Bears,14,3,LAR,CHI,17,7,1,8.0,8.0,0,0,,,,
401128134,2019-11-19,2019,11,regular,Los Angeles Chargers,Kansas City Chiefs,24,12,LAC,KC,17,24,0,11.0,9.0,1,1,,,,
401127865,2019-11-22,2019,12,regular,Houston Texans,Indianapolis Colts,34,11,HOU,IND,20,17,1,5.0,5.0,1,0,,,,
401127870,2019-11-24,2019,12,regular,Atlanta Falcons,Tampa Bay Buccaneers,1,27,ATL,TB,22,35,0,7.0,7.0,1,0,,,,
401127872,2019-11-24,2019,12,regular,Buffalo Bills,Denver Broncos,2,7,BUF,DEN,20,3,1,7.0,7.0,0,0,,,,
401127914,2019-11-24,2019,12,regular,Chicago Bears,New York Giants,3,19,CHI,NYG,19,14,1,6.0,14.0,0,0,,,,
401127918,2019-11-24,2019,12,regular,Cincinnati Bengals,Pittsburgh Steelers,4,23,CIN,PIT,10,16,0,7.0,9.0,1,0,,,,
401127919,2019-11-24,2019,12,regular,Cleveland Browns,Miami Dolphins,5,15,CLE,MIA,41,24,1,9.0,7.0,0,0,,,,
401127922,2019-11-24,2019,12,regular,New Orleans Saints,Carolina Panthers,18,29,NO,CAR,34,31,1,7.0,7.0,1,0,,,,
401127924,2019-11-24,2019,12,regular,New York Jets,Oakland Raiders,20,13,NYJ,LV,34,3,1,7.0,7.0,0,0,,,,
401127957,2019-11-24,2019,12,regular,New England Patriots,Dallas Cowboys,17,6,NE,DAL,13,9,1,7.0,7.0,0,0,,,,
401127996,2019-11-24,2019,12,regular,Washington,Detroit Lions,28,8,WSH,DET,19,16,1,7.0,7.0,0,0,,,,
401128000,2019-11-24,2019,12,regular,Tennessee Titans,Jacksonville Jaguars,10,30,TEN,JAX,42,20,1,14.0,7.0,1,0,,,,
401128008,2019-11-24,2019,12,regular,Philadelphia Eagles,Seattle Seahawks,21,26,PHI,SEA,9,17,0,7.0,12.0,0,0,,,,
401128004,2019-11-25,2019,12,regular,San Francisco 49ers,Green Bay Packers,25,9,SF,GB,37,8,1,8.0,15.0,0,0,,,,
401128012,2019-11-26,2019,12,regular,Los Angeles Rams,Baltimore Ravens,14,33,LAR,BAL,6,45,0,8.0,9.0,0,0,,,,
401128015,2019-11-28,2019,13,regular,Detroit Lions,Chicago Bears,8,3,DET,CHI,20,24,0,4.0,4.0,1,0,,,,
401128017,2019-11-28,2019,13,regular,Dallas Cowboys,Buffalo Bills,6,2,DAL,BUF,15,26,0,4.0,4.0,0,0,,,,
401128022,2019-11-29,2019,13,regular,Atlanta Falcons,New Orleans Saints,1,18,ATL,NO,18,26,0,5.0,5.0,1,0,,,,
401128027,2019-12-01,2019,13,regular,Baltimore Ravens,San Francisco 49ers,33,25,BAL,SF,20,17,1,5.0,6.0,0,0,,,,
401128032,2019-12-01,2019,13,regular,Carolina Panthers,Washington,29,28,CAR,WSH,21,29,0,7.0,7.0,0,0,,,,
401128057,2019-12-01,2019,13,regular,Cincinnati Bengals,New York Jets,4,20,CIN,NYJ,22,6,1,7.0,7.0,0,0,,,,
401128058,2019-12-01,2019,13,regular,Indianapolis Colts,Tennessee Titans,11,10,IND,TEN,17,31,0,9.0,7.0,1,0,,,,
401128063,2019-12-01,2019,13,regular,Jacksonville Jaguars,Tampa Bay Buccaneers,30,27,JAX,TB,11,28,0,7.0,7.0,0,0,,,,
401128067,2019-12-01,2019,13,regular,Kansas City Chiefs,Oakland Raiders,12,13,KC,LV,40,9,1,12.0,7.0,1,0,,,,
401128070,2019-12-01,2019,13,regular,Miami Dolphins,Philadelphia Eagles,15,21,MIA,PHI,37,31,1,7.0,7.0,0,0,,,,
401128095,2019-12-01,2019,13,regular,New York Giants,Green Bay Packers,19,9,NYG,GB,13,31,0,7.0,6.0,0,0,,,,
401128100,2019-12-01,2019,13,regular,Arizona Cardinals,Los Angeles Rams,22,14,ARI,LAR,7,34,0,14.0,5.0,1,0,,,,
401128104,2019-12-01,2019,13,regular,Denver Broncos,Los Angeles Chargers,7,24,DEN,LAC,23,20,1,7.0,12.0,1,0,,,,
401128107,2019-12-01,2019,13,regular,Pittsburgh Steelers,Cleveland Browns,23,5,PIT,CLE,20,13,1,7.0,7.0,1,0,,,,
401127967,2019-12-02,2019,13,regular,Houston Texans,New England Patriots,34,17,HOU,NE,28,22,1,10.0,8.0,0,0,,,,
401128112,2019-12-03,2019,13,regular,Seattle Seahawks,Minnesota Vikings,26,16,SEA,MIN,37,30,1,9.0,16.0,0,0,,,,
401127871,2019-12-06,2019,14,regular,Chicago Bears,Dallas Cowboys,3,6,CHI,DAL,31,24,1,8.0,8.0,0,0,,,,
401127867,2019-12-08,2019,14,regular,Cleveland Browns,Cincinnati Bengals,5,4,CLE,CIN,27,19,1,7.0,7.0,1,0,,,,
401127868,2019-12-08,2019,14,regular,Buffalo Bills,Baltimore Ravens,2,33,BUF,BAL,17,24,0,10.0,7.0,0,0,,,,
401127869,2019-12-08,2019,14,regular,Atlanta Falcons,Carolina Panthers,1,29,ATL,CAR,40,20,1,9.0,7.0,1,0,,,,
401127916,2019-12-08,2019,14,regular,Green Bay Packers,Washington,9,28,GB,WSH,20,15,1,7.0,7.0,0,0,,,,
401127920,2019-12-08,2019,14,regular,Houston Texans,Denver Broncos,34,7,HOU,DEN,24,38,0,6.0,7.0,0,0,,,,
401127926,2019-12-08,2019,14,regular,Minnesota Vikings,Detroit Lions,16,8,MIN,DET,20,7,1,5.0,10.0,1,0,,,,
401127930,2019-12-08,2019,14,regular,New England Patriots,Kansas City Chiefs,17,12,NE,KC,16,23,0,6.0,7.0,0,0,,,,
401127964,2019-12-08,2019,14,regular,New Orleans Saints,San Francisco 49ers,18,25,NO,SF,46,48,0,9.0,7.0,0,0,,,,
401127969,2019-12-08,2019,14,regular,New York Jets,Miami Dolphins,20,15,NYJ,MIA,22,21,1,7.0,7.0,1,0,,,,
401127994,2019-12-08,2019,14,regular,Tampa Bay Buccaneers,Indianapolis Colts,27,11,TB,IND,38,35,1,7.0,7.0,0,0,,,,
401127997,2019-12-08,2019,14,regular,Jacksonville Jaguars,Los Angeles Chargers,30,24,JAX,LAC,10,45,0,7.0,7.0,0,0,,,,
401128002,2019-12-08,2019,14,regular,Arizona Cardinals,Pittsburgh Steelers,22,23,ARI,PIT,17,23,0,7.0,7.0,0,0,,,,
401128005,2019-12-08,2019,14,regular,Oakland Raiders,Tennessee Titans,13,10,LV,TEN,21,42,0,7.0,7.0,0,0,,,,
401128009,2019-12-09,2019,14,regular,Los Angeles Rams,Seattle Seahawks,14,26,LAR,SEA,28,12,1,8.0,6.0,1,0,,,,
401128013,2019-12-10,2019,14,regular,Philadelphia Eagles,New York Giants,21,19,PHI,NYG,23,17,1,9.0,9.0,1,0,,,,
401128020,2019-12-13,2019,15,regular,Baltimore Ravens,New York Jets,33,20,BAL,NYJ,42,21,1,5.0,5.0,0,0,,,,
401127955,2019-12-15,2019,15,regular,Cincinnati Bengals,New England Patriots,4,17,CIN,NE,13,34,0,7.0,7.0,0,0,,,,
401128024,2019-12-15,2019,15,regular,Carolina Panthers,Seattle Seahawks,29,26,CAR,SEA,24,30,0,7.0,6.0,0,0,,,,
401128028,2019-12-15,2019,15,regular,Detroit Lions,Tampa Bay Buccaneers,8,27,DET,TB,17,38,0,7.0,7.0,0,0,,,,
401128031,2019-12-15,2019,15,regular,Green Bay Packers,Chicago Bears,9,3,GB,CHI,21,13,1,7.0,9.0,1,0,,,,
401128056,2019-12-15,2019,15,regular,Kansas City Chiefs,Denver Broncos,12,7,KC,DEN,23,3,1,7.0,7.0,1,0,,,,
401128060,2019-12-15,2019,15,regular,New York Giants,Miami Dolphins,19,15,NYG,MIA,36,20,1,5.0,7.0,0,0,,,,
401128068,2019-12-15,2019,15,regular,Tennessee Titans,Houston Texans,10,34,TEN,HOU,21,24,0,7.0,7.0,1,0,,,,
401128071,2019-12-15,2019,15,regular,Washington,Philadelphia Eagles,28,21,WSH,PHI,27,37,0,7.0,5.0,1,0,,,,
401128094,2019-12-15,2019,15,regular,Arizona Cardinals,Cleveland Browns,22,5,ARI,CLE,38,24,1,7.0,7.0,0,0,,,,
401128099,2019-12-15,2019,15,regular,Oakland Raiders,Jacksonville Jaguars,13,30,LV,JAX,16,20,0,7.0,7.0,0,0,,,,
401128103,2019-12-15,2019,15,regular,Dallas Cowboys,Los Angeles Rams,6,14,DAL,LAR,44,21,1,9.0,6.0,0,0,,,,
401128108,2019-12-15,2019,15,regular,San Francisco 49ers,Atlanta Falcons,25,1,SF,ATL,22,29,0,7.0,7.0,0,0,,,,
401128113,2019-12-15,2019,15,regular,Los Angeles Chargers,Minnesota Vikings,24,16,LAC,MIN,10,39,0,7.0,7.0,0,0,,,,
401128065,2019-12-16,2019,15,regular,Pittsburgh Steelers,Buffalo Bills,23,2,PIT,BUF,10,17,0,8.0,8.0,0,0,,,,
401128117,2019-12-17,2019,15,regular,New Orleans Saints,Indianapolis Colts,18,11,NO,IND,34,7,1,9.0,9.0,0,0,,,,
401127898,2019-12-21,2019,16,regular,New England Patriots,Buffalo Bills,17,2,NE,BUF,24,17,1,6.0,5.0,1,0,,,,
401127901,2019-12-21,2019,16,regular,Tampa Bay Buccaneers,Houston Texans,27,34,TB,HOU,20,23,0,6.0,6.0,0,0,,,,
401127893,2019-12-22,2019,16,regular,Denver Broncos,Detroit Lions,7,8,DEN,DET,27,17,1,7.0,7.0,0,0,,,,
401127896,2019-12-22,2019,16,regular,Los Angeles Chargers,Oakland Raiders,24,13,LAC,LV,17,24,0,7.0,7.0,1,0,,,,
401127900,2019-12-22,2019,16,regular,San Francisco 49ers,Los Angeles Rams,25,14,SF,LAR,34,31,1,7.0,7.0,1,0,,,,
401127903,2019-12-22,2019,16,regular,Atlanta Falcons,Jacksonville Jaguars,1,30,ATL,JAX,24,12,1,7.0,7.0,0,0,,,,
401127904,2019-12-22,2019,16,regular,Cleveland Browns,Baltimore Ravens,5,33,CLE,BAL,15,31,0,7.0,9.0,1,0,,,,
401127906,2019-12-22,2019,16,regular,Indianapolis Colts,Carolina Panthers,11,29,IND,CAR,38,6,1,5.0,7.0,0,0,,,,
401127910,2019-12-22,2019,16,regular,Miami Dolphins,Cincinnati Bengals,15,4,MIA,CIN,38,35,1,7.0,7.0,0,0,,,,
401127933,2019-12-22,2019,16,regular,New York Jets,Pittsburgh Steelers,20,23,NYJ,PIT,16,10,1,9.0,6.0,0,0,,,,
401127935,2019-12-22,2019,16,regular,Tennessee Titans,New Orleans Saints,10,18,TEN,NO,28,38,0,7.0,5.0,0,0,,,,
401127937,2019-12-22,2019,16,regular,Washington,New York Giants,28,19,WSH,NYG,35,41,0,7.0,7.0,1,0,,,,
401127938,2019-12-22,2019,16,regular,Philadelphia Eagles,Dallas Cowboys,21,6,PHI,DAL,17,9,1,7.0,7.0,1,0,,,,
401127941,2019-12-22,2019,16,regular,Seattle Seahawks,Arizona Cardinals,26,22,SEA,ARI,13,27,0,7.0,7.0,1,0,,,,
401127943,2019-12-23,2019,16,regular,Chicago Bears,Kansas City Chiefs,3,12,CHI,KC,3,26,0,8.0,8.0,0,0,,,,
401127946,2019-12-24,2019,16,regular,Minnesota Vikings,Green Bay Packers,16,9,MIN,GB,10,23,0,9.0,9.0,1,0,,,,
401127909,2019-12-29,2019,17,regular,New England Patriots,Miami Dolphins,17,15,NE,MIA,24,27,0,8.0,7.0,1,0,,,,
401127950,2019-12-29,2019,17,regular,Baltimore Ravens,Pittsburgh Steelers,33,23,BAL,PIT,28,10,1,7.0,7.0,1,0,,,,
401127973,2019-12-29,2019,17,regular,Buffalo Bills,New York Jets,2,20,BUF,NYJ,6,13,0,8.0,7.0,1,0,,,,
401127975,2019-12-29,2019,17,regular,Carolina Panthers,New Orleans Saints,29,18,CAR,NO,10,42,0,7.0,7.0,1,0,,,,
401127978,2019-12-29,2019,17,regular,Cincinnati Bengals,Cleveland Browns,4,5,CIN,CLE,33,23,1,7.0,7.0,1,0,,,,
401127980,2019-12-29,2019,17,regular,Dallas Cowboys,Washington,6,28,DAL,WSH,47,16,1,7.0,7.0,1,0,,,,
401127983,2019-12-29,2019,17,regular,Detroit Lions,Green Bay Packers,8,9,DET,GB,20,23,0,7.0,5.0,1,0,,,,
401127984,2019-12-29,2019,17,regular,Houston Texans,Tennessee Titans,34,10,HOU,TEN,14,35,0,8.0,7.0,1,0,,,,
401127988,2019-12-29,2019,17,regular,Jacksonville Jaguars,Indianapolis Colts,30,11,JAX,IND,38,20,1,7.0,7.0,1,0,,,,
401127990,2019-12-29,2019,17,regular,Kansas City Chiefs,Los Angeles Chargers,12,24,KC,LAC,31,21,1,6.0,7.0,1,0,,,,
401127991,2019-12-29,2019,17,regular,Minnesota Vikings,Chicago Bears,16,3,MIN,CHI,19,21,0,5.0,6.0,1,0,,,,
401128033,2019-12-29,2019,17,regular,New York Giants,Philadelphia Eagles,19,21,NYG,PHI,17,34,0,7.0,7.0,1,0,,,,
401128034,2019-12-29,2019,17,regular,Tampa Bay Buccaneers,Atlanta Falcons,27,1,TB,ATL,22,28,0,8.0,7.0,1,0,,,,
401128036,2019-12-29,2019,17,regular,Denver Broncos,Oakland Raiders,7,13,DEN,LV,16,15,1,7.0,7.0,1,0,,,,
401128038,2019-12-29,2019,17,regular,Los Angeles Rams,Arizona Cardinals,14,22,LAR,ARI,31,24,1,7.0,7.0,1,0,,,,
401128040,2019-12-30,2019,17,regular,Seattle Seahawks,San Francisco 49ers,26,25,SEA,SF,21,26,0,8.0,8.0,1,0,,,,
401220225,2020-09-11,2020,1,regular,Kansas City Chiefs,Houston Texans,12,34,KC,HOU,34,20,1,7.0,7.0,0,0,,,,
401220116,2020-09-13,2020,1,regular,Buffalo Bills,New York Jets,2,20,BUF,NYJ,27,17,1,7.0,7.0,1,0,,,,
401220131,2020-09-13,2020,1,regular,New England Patriots,Miami Dolphins,17,15,NE,MIA,21,11,1,7.0,7.0,1,0,,,,
401220147,2020-09-13,2020,1,regular,Baltimore Ravens,Cleveland Browns,33,5,BAL,CLE,38,6,1,7.0,7.0,1,0,,,,
401220161,2020-09-13,2020,1,regular,Cincinnati Bengals,Los Angeles Chargers,4,24,CIN,LAC,13,16,0,7.0,7.0,0,0,,,,
401220195,2020-09-13,2020,1,regular,Jacksonville Jaguars,Indianapolis Colts,30,11,JAX,IND,27,20,1,7.0,7.0,1,0,,,,
401220268,2020-09-13,2020,1,regular,Washington,Philadelphia Eagles,28,21,WSH,PHI,27,17,1,7.0,7.0,1,0,,,,
401220282,2020-09-13,2020,1,regular,Detroit Lions,Chicago Bears,8,3,DET,CHI,23,27,0,7.0,7.0,1,0,,,,
401220300,2020-09-13,2020,1,regular,Minnesota Vikings,Green Bay Packers,16,9,MIN,GB,34,43,0,7.0,7.0,1,0,,,,
401220313,2020-09-13,2020,1,regular,Atlanta Falcons,Seattle Seahawks,1,26,ATL,SEA,25,38,0,7.0,7.0,0,0,,,,
401220352,2020-09-13,2020,1,regular,San Francisco 49ers,Arizona Cardinals,25,22,SF,ARI,20,24,0,7.0,7.0,1,0,,,,
401220369,2020-09-13,2020,1,regular,New Orleans Saints,Tampa Bay Buccaneers,18,27,NO,TB,34,23,1,7.0,7.0,1,0,,,,
401220370,2020-09-13,2020,1,regular,Carolina Panthers,Las Vegas Raiders,29,13,CAR,LV,30,34,0,7.0,7.0,0,0,,,,
401220256,2020-09-14,2020,1,regular,New York Giants,Pittsburgh Steelers,19,23,NYG,PIT,16,26,0,7.0,7.0,0,0,,,,
401220347,2020-09-14,2020,1,regular,Los Angeles Rams,Dallas Cowboys,14,6,LAR,DAL,20,17,1,7.0,7.0,0,0,,,,
401220217,2020-09-15,2020,1,regular,Denver Broncos,Tennessee Titans,7,10,DEN,TEN,14,16,0,7.0,7.0,0,0,,,,
401220163,2020-09-18,2020,2,regular,Cleveland Browns,Cincinnati Bengals,5,4,CLE,CIN,35,30,1,5.0,5.0,1,0,,,,
401220122,2020-09-20,2020,2,regular,Miami Dolphins,Buffalo Bills,15,2,MIA,BUF,28,31,0,7.0,7.0,1,0,,,,
401220144,2020-09-20,2020,2,regular,New York Jets,San Francisco 49ers,20,25,NYJ,SF,13,31,0,7.0,7.0,0,0,,,,
401220177,2020-09-20,2020,2,regular,Pittsburgh Steelers,Denver Broncos,23,7,PIT,DEN,26,21,1,6.0,5.0,0,0,,,,
401220181,2020-09-20,2020,2,regular,Houston Texans,Baltimore Ravens,34,33,HOU,BAL,16,33,0,9.0,7.0,0,0,,,,
401220192,2020-09-20,2020,2,regular,Indianapolis Colts,Minnesota Vikings,11,16,IND,MIN,28,11,1,7.0,7.0,0,0,,,,
401220204,2020-09-20,2020,2,regular,Tennessee Titans,Jacksonville Jaguars,10,30,TEN,JAX,33,30,1,5.0,7.0,1,0,,,,
401220235,2020-09-20,2020,2,regular,Los Angeles Chargers,Kansas City Chiefs,24,12,LAC,KC,20,23,0,7.0,9.0,1,0,,,,
401220249,2020-09-20,2020,2,regular,Dallas Cowboys,Atlanta Falcons,6,1,DAL,ATL,40,39,1,6.0,7.0,0,0,,,,
401220261,2020-09-20,2020,2,regular,Philadelphia Eagles,Los Angeles Rams,21,14,PHI,LAR,19,37,0,7.0,6.0,0,0,,,,
401220281,2020-09-20,2020,2,regular,Chicago Bears,New York Giants,3,19,CHI,NYG,17,13,1,7.0,6.0,0,0,,,,
401220291,2020-09-20,2020,2,regular,Green Bay Packers,Detroit Lions,9,8,GB,DET,42,21,1,7.0,7.0,1,0,,,,
401220329,2020-09-20,2020,2,regular,Tampa Bay Buccaneers,Carolina Panthers,27,29,TB,CAR,31,17,1,7.0,7.0,1,0,,,,
401220340,2020-09-20,2020,2,regular,Arizona Cardinals,Washington,22,28,ARI,WSH,30,15,1,7.0,7.0,0,0,,,,
401220365,2020-09-21,2020,2,regular,Seattle Seahawks,New England Patriots,26,17,SEA,NE,35,30,1,8.0,8.0,0,0,,,,
401220231,2020-09-22,2020,2,regular,Las Vegas Raiders,New Orleans Saints,13,18,LV,NO,34,24,1,9.0,9.0,0,0,,,,
401220201,2020-09-25,2020,3,regular,Jacksonville Jaguars,Miami Dolphins,30,15,JAX,MIA,13,31,0,5.0,5.0,0,0,,,,
401220119,2020-09-27,2020,3,regular,Buffalo Bills,Los Angeles Rams,2,14,BUF,LAR,35,32,1,7.0,7.0,0,0,,,,
401220134,2020-09-27,2020,3,regular,New England Patriots,Las Vegas Raiders,17,13,NE,LV,36,20,1,6.0,5.0,0,0,,,,
401220168,2020-09-27,2020,3,regular,Cleveland Browns,Washington,5,28,CLE,WSH,34,20,1,9.0,7.0,0,0,,,,
401220173,2020-09-27,2020,3,regular,Pittsburgh Steelers,Houston Texans,23,34,PIT,HOU,28,21,1,7.0,7.0,0,0,,,,
401220193,2020-09-27,2020,3,regular,Indianapolis Colts,New York Jets,11,20,IND,NYJ,36,7,1,7.0,7.0,0,0,,,,
401220216,2020-09-27,2020,3,regular,Denver Broncos,Tampa Bay Buccaneers,7,27,DEN,TB,10,28,0,7.0,7.0,0,0,,,,
401220240,2020-09-27,2020,3,regular,Los Angeles Chargers,Carolina Panthers,24,29,LAC,CAR,16,21,0,7.0,7.0,0,0,,,,
401220254,2020-09-27,2020,3,regular,New York Giants,San Francisco 49ers,19,25,NYG,SF,9,36,0,7.0,7.0,0,0,,,,
401220304,2020-09-27,2020,3,regular,Minnesota Vikings,Tennessee Titans,16,10,MIN,TEN,30,31,0,7.0,7.0,0,0,,,,
401220309,2020-09-27,2020,3,regular,Atlanta Falcons,Chicago Bears,1,3,ATL,CHI,26,30,0,7.0,7.0,0,0,,,,
401220343,2020-09-27,2020,3,regular,Arizona Cardinals,Detroit Lions,22,8,ARI,DET,23,26,0,7.0,7.0,0,0,,,,
401220363,2020-09-27,2020,3,regular,Seattle Seahawks,Dallas Cowboys,26,6,SEA,DAL,38,31,1,6.0,7.0,0,0,,,,
401220323,2020-09-28,2020,3,regular,New Orleans Saints,Green Bay Packers,18,9,NO,GB,30,37,0,6.0,8.0,0,0,,,,
401220153,2020-09-29,2020,3,regular,Baltimore Ravens,Kansas City Chiefs,33,12,BAL,KC,20,34,0,9.0,9.0,0,0,,,,
401220141,2020-10-02,2020,4,regular,New York Jets,Denver Broncos,20,7,NYJ,DEN,28,37,0,5.0,5.0,0,0,,,,
401220128,2020-10-04,2020,4,regular,Miami Dolphins,Seattle Seahawks,15,26,MIA,SEA,23,31,0,9.0,7.0,0,0,,,,
401220157,2020-10-04,2020,4,regular,Cincinnati Bengals,Jacksonville Jaguars,4,30,CIN,JAX,33,25,1,16.0,9.0,0,0,,,,
401220184,2020-10-04,2020,4,regular,Houston Texans,Minnesota Vikings,34,16,HOU,MIN,23,31,0,7.0,7.0,0,0,,,,
401220229,2020-10-04,2020,4,regular,Las Vegas Raiders,Buffalo Bills,13,2,LV,BUF,23,30,0,7.0,7.0,0,0,,,,
401220247,2020-10-04,2020,4,regular,Dallas Cowboys,Cleveland Browns,6,5,DAL,CLE,38,49,0,7.0,7.0,0,0,,,,
401220271,2020-10-04,2020,4,regular,Washington,Baltimore Ravens,28,33,WSH,BAL,17,31,0,7.0,5.0,0,0,,,,
401220280,2020-10-04,2020,4,regular,Chicago Bears,Indianapolis Colts,3,11,CHI,IND,11,19,0,7.0,7.0,0,0,,,,
401220285,2020-10-04,2020,4,regular,Detroit Lions,New Orleans Saints,8,18,DET,NO,29,35,0,7.0,6.0,0,0,,,,
401220320,2020-10-04,2020,4,regular,Carolina Panthers,Arizona Cardinals,29,22,CAR,ARI,31,21,1,7.0,7.0,0,0,,,,
401220334,2020-10-04,2020,4,regular,Tampa Bay Buccaneers,Los Angeles Chargers,27,24,TB,LAC,38,31,1,7.0,7.0,0,0,,,,
401220348,2020-10-04,2020,4,regular,Los Angeles Rams,New York Giants,14,19,LAR,NYG,17,9,1,7.0,7.0,0,0,,,,
401220221,2020-10-05,2020,4,regular,Kansas City Chiefs,New England Patriots,12,17,KC,NE,26,10,1,6.0,8.0,0,0,,,,
401220355,2020-10-05,2020,4,regular,San Francisco 49ers,Philadelphia Eagles,25,21,SF,PHI,20,25,0,8.0,15.0,0,0,,,,
401220293,2020-10-06,2020,4,regular,Green Bay Packers,Atlanta Falcons,9,1,GB,ATL,30,16,1,8.0,9.0,0,0,,,,
401220278,2020-10-09,2020,5,regular,Chicago Bears,Tampa Bay Buccaneers,3,27,CHI,TB,20,19,1,5.0,5.0,0,0,,,,
401220143,2020-10-11,2020,5,regular,New York Jets,Arizona Cardinals,20,22,NYJ,ARI,10,30,0,9.0,7.0,0,0,,,,
401220146,2020-10-11,2020,5,regular,Baltimore Ravens,Cincinnati Bengals,33,4,BAL,CIN,27,3,1,7.0,7.0,1,0,,,,
401220166,2020-10-11,2020,5,regular,Cleveland Browns,Indianapolis Colts,5,11,CLE,IND,32,23,1,7.0,7.0,0,0,,,,
401220175,2020-10-11,2020,5,regular,Pittsburgh Steelers,Philadelphia Eagles,23,21,PIT,PHI,38,29,1,14.0,6.0,0,0,,,,
401220179,2020-10-11,2020,5,regular,Houston Texans,Jacksonville Jaguars,34,30,HOU,JAX,30,14,1,7.0,7.0,1,0,,,,
401220219,2020-10-11,2020,5,regular,Kansas City Chiefs,Las Vegas Raiders,12,13,KC,LV,32,40,0,6.0,7.0,1,0,,,,
401220242,2020-10-11,2020,5,regular,Dallas Cowboys,New York Giants,6,19,DAL,NYG,37,34,1,7.0,7.0,1,0,,,,
401220269,2020-10-11,2020,5,regular,Washington,Los Angeles Rams,28,14,WSH,LAR,10,30,0,7.0,7.0,0,0,,,,
401220306,2020-10-11,2020,5,regular,Atlanta Falcons,Carolina Panthers,1,29,ATL,CAR,16,23,0,5.0,7.0,1,0,,,,
401220358,2020-10-11,2020,5,regular,San Francisco 49ers,Miami Dolphins,25,15,SF,MIA,17,43,0,6.0,7.0,0,0,,,,
401220367,2020-10-12,2020,5,regular,Seattle Seahawks,Minnesota Vikings,26,16,SEA,MIN,27,26,1,8.0,8.0,0,0,,,,
401220209,2020-10-13,2020,5,regular,Tennessee Titans,Buffalo Bills,10,2,TEN,BUF,42,16,1,16.0,9.0,0,0,,,,
401220326,2020-10-13,2020,5,regular,New Orleans Saints,Los Angeles Chargers,18,24,NO,LAC,30,27,1,9.0,9.0,0,0,,,,
401220124,2020-10-18,2020,6,regular,Miami Dolphins,New York Jets,15,20,MIA,NYJ,24,0,1,7.0,7.0,1,0,,,,
401220133,2020-10-18,2020,6,regular,New England Patriots,Denver Broncos,17,7,NE,DEN,12,18,0,13.0,16.0,0,0,,,,
401220172,2020-10-18,2020,6,regular,Pittsburgh Steelers,Cleveland Browns,23,5,PIT,CLE,38,7,1,7.0,7.0,1,0,,,,
401220190,2020-10-18,2020,6,regular,Indianapolis Colts,Cincinnati Bengals,11,4,IND,CIN,31,27,1,7.0,7.0,0,0,,,,
401220200,2020-10-18,2020,6,regular,Jacksonville Jaguars,Detroit Lions,30,8,JAX,DET,16,34,0,7.0,14.0,0,0,,,,
401220202,2020-10-18,2020,6,regular,Tennessee Titans,Houston Texans,10,34,TEN,HOU,42,36,1,5.0,7.0,1,0,,,,
401220252,2020-10-18,2020,6,regular,New York Giants,Washington,19,28,NYG,WSH,20,19,1,7.0,7.0,1,0,,,,
401220263,2020-10-18,2020,6,regular,Philadelphia Eagles,Baltimore Ravens,21,33,PHI,BAL,28,30,0,7.0,7.0,0,0,,,,
401220301,2020-10-18,2020,6,regular,Minnesota Vikings,Atlanta Falcons,16,1,MIN,ATL,23,40,0,6.0,7.0,0,0,,,,
401220317,2020-10-18,2020,6,regular,Carolina Panthers,Chicago Bears,29,3,CAR,CHI,16,23,0,7.0,9.0,0,0,,,,
401220331,2020-10-18,2020,6,regular,Tampa Bay Buccaneers,Green Bay Packers,27,9,TB,GB,38,10,1,9.0,12.0,0,0,,,,
401220117,2020-10-19,2020,6,regular,Buffalo Bills,Kansas City Chiefs,2,12,BUF,KC,17,26,0,6.0,8.0,0,0,,,,
401220353,2020-10-19,2020,6,regular,San Francisco 49ers,Los Angeles Rams,25,14,SF,LAR,24,16,1,8.0,8.0,1,0,,,,
401220245,2020-10-20,2020,6,regular,Dallas Cowboys,Arizona Cardinals,6,22,DAL,ARI,10,38,0,9.0,9.0,0,0,,,,
401220259,2020-10-23,2020,7,regular,Philadelphia Eagles,New York Giants,21,19,PHI,NYG,22,21,1,5.0,5.0,1,0,,,,
401220136,2020-10-25,2020,7,regular,New England Patriots,San Francisco 49ers,17,25,NE,SF,6,33,0,7.0,6.0,0,0,,,,
401220138,2020-10-25,2020,7,regular,New York Jets,Buffalo Bills,20,2,NYJ,BUF,10,18,0,7.0,6.0,1,0,,,,
401220155,2020-10-25,2020,7,regular,Cincinnati Bengals,Cleveland Browns,4,5,CIN,CLE,34,37,0,7.0,7.0,1,0,,,,
401220183,2020-10-25,2020,7,regular,Houston Texans,Green Bay Packers,34,9,HOU,GB,20,35,0,7.0,7.0,0,0,,,,
401220210,2020-10-25,2020,7,regular,Denver Broncos,Kansas City Chiefs,7,12,DEN,KC,16,43,0,7.0,6.0,1,0,,,,
401220232,2020-10-25,2020,7,regular,Las Vegas Raiders,Tampa Bay Buccaneers,13,27,LV,TB,20,45,0,14.0,7.0,0,0,,,,
401220241,2020-10-25,2020,7,regular,Los Angeles Chargers,Jacksonville Jaguars,24,30,LAC,JAX,39,29,1,12.0,7.0,0,0,,,,
401220266,2020-10-25,2020,7,regular,Washington,Dallas Cowboys,28,6,WSH,DAL,25,3,1,7.0,5.0,1,0,,,,
401220310,2020-10-25,2020,7,regular,Atlanta Falcons,Detroit Lions,1,8,ATL,DET,22,23,0,7.0,7.0,0,0,,,,
401220322,2020-10-25,2020,7,regular,New Orleans Saints,Carolina Panthers,18,29,NO,CAR,27,24,1,12.0,7.0,1,0,,,,
401249063,2020-10-25,2020,7,regular,Tennessee Titans,Pittsburgh Steelers,10,23,TEN,PIT,24,27,0,7.0,7.0,0,0,,,,
401220338,2020-10-26,2020,7,regular,Arizona Cardinals,Seattle Seahawks,22,26,ARI,SEA,37,34,1,6.0,14.0,1,0,,,,
401220351,2020-10-27,2020,7,regular,Los Angeles Rams,Chicago Bears,14,3,LAR,CHI,24,10,1,8.0,9.0,0,0,,,,
401220314,2020-10-30,2020,8,regular,Carolina Panthers,Atlanta Falcons,29,1,CAR,ATL,17,25,0,5.0,5.0,1,0,,,,
401220115,2020-11-01,2020,8,regular,Buffalo Bills,New England Patriots,2,17,BUF,NE,24,21,1,7.0,7.0,1,0,,,,
401220127,2020-11-01,2020,8,regular,Miami Dolphins,Los Angeles Rams,15,14,MIA,LAR,28,17,1,14.0,5.0,0,0,,,,
401220148,2020-11-01,2020,8,regular,Baltimore Ravens,Pittsburgh Steelers,33,23,BAL,PIT,24,28,0,14.0,7.0,1,0,,,,
401220158,2020-11-01,2020,8,regular,Cincinnati Bengals,Tennessee Titans,4,10,CIN,TEN,31,20,1,7.0,7.0,0,0,,,,
401220169,2020-11-01,2020,8,regular,Cleveland Browns,Las Vegas Raiders,5,13,CLE,LV,6,16,0,7.0,7.0,0,0,,,,
401220212,2020-11-01,2020,8,regular,Denver Broncos,Los Angeles Chargers,7,24,DEN,LAC,31,30,1,7.0,7.0,1,0,,,,
401220222,2020-11-01,2020,8,regular,Kansas City Chiefs,New York Jets,12,20,KC,NYJ,35,9,1,7.0,7.0,0,0,,,,
401220277,2020-11-01,2020,8,regular,Chicago Bears,New Orleans Saints,3,18,CHI,NO,23,26,0,5.0,7.0,0,0,,,,
401220288,2020-11-01,2020,8,regular,Detroit Lions,Indianapolis Colts,8,11,DET,IND,21,41,0,7.0,14.0,0,0,,,,
401220292,2020-11-01,2020,8,regular,Green Bay Packers,Minnesota Vikings,9,16,GB,MIN,22,28,0,7.0,14.0,1,0,,,,
401220361,2020-11-01,2020,8,regular,Seattle Seahawks,San Francisco 49ers,26,25,SEA,SF,37,27,1,6.0,7.0,1,0,,,,
401220258,2020-11-02,2020,8,regular,Philadelphia Eagles,Dallas Cowboys,21,6,PHI,DAL,23,9,1,10.0,8.0,1,0,,,,
401220257,2020-11-03,2020,8,regular,New York Giants,Tampa Bay Buccaneers,19,27,NYG,TB,23,25,0,11.0,9.0,0,0,,,,
401220359,2020-11-06,2020,9,regular,San Francisco 49ers,Green Bay Packers,25,9,SF,GB,17,34,0,5.0,5.0,0,0,,,,
401220120,2020-11-08,2020,9,regular,Buffalo Bills,Seattle Seahawks,2,26,BUF,SEA,44,34,1,7.0,7.0,0,0,,,,
401220189,2020-11-08,2020,9,regular,Indianapolis Colts,Baltimore Ravens,11,33,IND,BAL,10,24,0,7.0,7.0,0,0,,,,
401220194,2020-11-08,2020,9,regular,Jacksonville Jaguars,Houston Texans,30,34,JAX,HOU,25,27,0,14.0,14.0,1,0,,,,
401220207,2020-11-08,2020,9,regular,Tennessee Titans,Chicago Bears,10,3,TEN,CHI,24,17,1,7.0,7.0,0,0,,,,
401220224,2020-11-08,2020,9,regular,Kansas City Chiefs,Carolina Panthers,12,29,KC,CAR,33,31,1,7.0,9.0,0,0,,,,
401220236,2020-11-08,2020,9,regular,Los Angeles Chargers,Las Vegas Raiders,24,13,LAC,LV,26,31,0,7.0,7.0,1,0,,,,
401220248,2020-11-08,2020,9,regular,Dallas Cowboys,Pittsburgh Steelers,6,23,DAL,PIT,19,24,0,6.0,7.0,0,0,,,,
401220267,2020-11-08,2020,9,regular,Washington,New York Giants,28,19,WSH,NYG,20,23,0,14.0,5.0,1,0,,,,
401220299,2020-11-08,2020,9,regular,Minnesota Vikings,Detroit Lions,16,8,MIN,DET,34,20,1,7.0,7.0,1,0,,,,
401220311,2020-11-08,2020,9,regular,Atlanta Falcons,Denver Broncos,1,7,ATL,DEN,34,27,1,9.0,7.0,0,0,,,,
401220342,2020-11-08,2020,9,regular,Arizona Cardinals,Miami Dolphins,22,15,ARI,MIA,31,34,0,13.0,7.0,0,0,,,,
401220330,2020-11-09,2020,9,regular,Tampa Bay Buccaneers,New Orleans Saints,27,18,TB,NO,3,38,0,6.0,8.0,1,0,,,,
401220140,2020-11-10,2020,9,regular,New York Jets,New England Patriots,20,17,NYJ,NE,27,30,0,9.0,9.0,1,0,,,,
401220203,2020-11-13,2020,10,regular,Tennessee Titans,Indianapolis Colts,10,11,TEN,IND,17,34,0,5.0,5.0,1,0,,,,
401220126,2020-11-15,2020,10,regular,Miami Dolphins,Los Angeles Chargers,15,24,MIA,LAC,29,21,1,7.0,7.0,0,0,,,,
401220165,2020-11-15,2020,10,regular,Cleveland Browns,Houston Texans,5,34,CLE,HOU,10,7,1,14.0,7.0,0,0,,,,
401220171,2020-11-15,2020,10,regular,Pittsburgh Steelers,Cincinnati Bengals,23,4,PIT,CIN,36,10,1,7.0,14.0,1,0,,,,
401220226,2020-11-15,2020,10,regular,Las Vegas Raiders,Denver Broncos,13,7,LV,DEN,37,12,1,7.0,7.0,1,0,,,,
401220251,2020-11-15,2020,10,regular,New York Giants,Philadelphia Eagles,19,21,NYG,PHI,27,17,1,7.0,13.0,1,0,,,,
401220289,2020-11-15,2020,10,regular,Detroit Lions,Washington,8,28,DET,WSH,30,27,1,7.0,7.0,0,0,,,,
401220295,2020-11-15,2020,10,regular,Green Bay Packers,Jacksonville Jaguars,9,30,GB,JAX,24,20,1,9.0,7.0,0,0,,,,
401220327,2020-11-15,2020,10,regular,New Orleans Saints,San Francisco 49ers,18,25,NO,SF,27,13,1,6.0,9.0,0,0,,,,
401220341,2020-11-15,2020,10,regular,Arizona Cardinals,Buffalo Bills,22,2,ARI,BUF,32,30,1,7.0,7.0,0,0,,,,
401220346,2020-11-15,2020,10,regular,Los Angeles Rams,Seattle Seahawks,14,26,LAR,SEA,23,16,1,14.0,7.0,1,0,,,,
401220368,2020-11-15,2020,10,regular,Carolina Panthers,Tampa Bay Buccaneers,29,27,CAR,TB,23,46,0,7.0,6.0,1,0,,,,
401220137,2020-11-16,2020,10,regular,New England Patriots,Baltimore Ravens,17,33,NE,BAL,23,17,1,6.0,8.0,0,0,,,,
401220276,2020-11-17,2020,10,regular,Chicago Bears,Minnesota Vikings,3,16,CHI,MIN,13,19,0,9.0,9.0,1,0,,,,
401220360,2020-11-20,2020,11,regular,Seattle Seahawks,Arizona Cardinals,26,22,SEA,ARI,28,21,1,5.0,5.0,1,0,,,,
401220150,2020-11-22,2020,11,regular,Baltimore Ravens,Tennessee Titans,33,10,BAL,TEN,24,30,0,6.0,9.0,0,0,,,,
401220167,2020-11-22,2020,11,regular,Cleveland Browns,Philadelphia Eagles,5,21,CLE,PHI,22,17,1,7.0,7.0,0,0,,,,
401220185,2020-11-22,2020,11,regular,Houston Texans,New England Patriots,34,17,HOU,NE,27,20,1,7.0,6.0,0,0,,,,
401220191,2020-11-22,2020,11,regular,Indianapolis Colts,Green Bay Packers,11,9,IND,GB,34,31,1,9.0,7.0,0,0,,,,
401220198,2020-11-22,2020,11,regular,Jacksonville Jaguars,Pittsburgh Steelers,30,23,JAX,PIT,3,27,0,7.0,7.0,0,0,,,,
401220214,2020-11-22,2020,11,regular,Denver Broncos,Miami Dolphins,7,15,DEN,MIA,20,13,1,7.0,7.0,0,0,,,,
401220238,2020-11-22,2020,11,regular,Los Angeles Chargers,New York Jets,24,20,LAC,NYJ,34,28,1,7.0,12.0,0,0,,,,
401220272,2020-11-22,2020,11,regular,Washington,Cincinnati Bengals,28,4,WSH,CIN,20,9,1,7.0,7.0,0,0,,,,
401220305,2020-11-22,2020,11,regular,Minnesota Vikings,Dallas Cowboys,16,6,MIN,DAL,28,31,0,5.0,14.0,0,0,,,,
401220318,2020-11-22,2020,11,regular,Carolina Panthers,Detroit Lions,29,8,CAR,DET,20,0,1,7.0,7.0,0,0,,,,
401220321,2020-11-22,2020,11,regular,New Orleans Saints,Atlanta Falcons,18,1,NO,ATL,24,9,1,7.0,14.0,1,0,,,,
401220227,2020-11-23,2020,11,regular,Las Vegas Raiders,Kansas City Chiefs,13,12,LV,KC,31,35,0,8.0,15.0,1,0,,,,
401220335,2020-11-24,2020,11,regular,Tampa Bay Buccaneers,Los Angeles Rams,27,14,TB,LAR,24,27,0,9.0,9.0,0,0,,,,
401220244,2020-11-26,2020,12,regular,Dallas Cowboys,Washington,6,28,DAL,WSH,16,41,0,4.0,4.0,1,0,,,,
401220287,2020-11-26,2020,12,regular,Detroit Lions,Houston Texans,8,34,DET,HOU,25,41,0,4.0,4.0,0,0,,,,
401220118,2020-11-29,2020,12,regular,Buffalo Bills,Los Angeles Chargers,2,24,BUF,LAC,27,17,1,14.0,7.0,0,0,,,,
401220135,2020-11-29,2020,12,regular,New England Patriots,Arizona Cardinals,17,22,NE,ARI,20,17,1,7.0,9.0,0,0,,,,
401220139,2020-11-29,2020,12,regular,New York Jets,Miami Dolphins,20,15,NYJ,MIA,3,20,0,7.0,7.0,1,0,,,,
401220160,2020-11-29,2020,12,regular,Cincinnati Bengals,New York Giants,4,19,CIN,NYG,17,19,0,7.0,14.0,0,0,,,,
401220188,2020-11-29,2020,12,regular,Indianapolis Colts,Tennessee Titans,11,10,IND,TEN,26,45,0,7.0,7.0,1,0,,,,
401220197,2020-11-29,2020,12,regular,Jacksonville Jaguars,Cleveland Browns,30,5,JAX,CLE,25,27,0,7.0,7.0,0,0,,,,
401220215,2020-11-29,2020,12,regular,Denver Broncos,New Orleans Saints,7,18,DEN,NO,3,31,0,7.0,7.0,0,0,,,,
401220302,2020-11-29,2020,12,regular,Minnesota Vikings,Carolina Panthers,16,29,MIN,CAR,28,27,1,7.0,7.0,0,0,,,,
401220312,2020-11-29,2020,12,regular,Atlanta Falcons,Las Vegas Raiders,1,13,ATL,LV,43,6,1,7.0,6.0,0,0,,,,
401220333,2020-11-29,2020,12,regular,Tampa Bay Buccaneers,Kansas City Chiefs,27,12,TB,KC,24,27,0,5.0,6.0,0,0,,,,
401220345,2020-11-29,2020,12,regular,Los Angeles Rams,San Francisco 49ers,14,25,LAR,SF,20,23,0,5.0,14.0,1,0,,,,
401220290,2020-11-30,2020,12,regular,Green Bay Packers,Chicago Bears,9,3,GB,CHI,41,25,1,8.0,13.0,1,0,,,,
401220262,2020-12-01,2020,12,regular,Philadelphia Eagles,Seattle Seahawks,21,26,PHI,SEA,17,23,0,9.0,11.0,0,0,,,,
401220170,2020-12-02,2020,12,regular,Pittsburgh Steelers,Baltimore Ravens,23,33,PIT,BAL,19,14,1,10.0,10.0,1,0,,,,
401220129,2020-12-06,2020,13,regular,Miami Dolphins,Cincinnati Bengals,15,4,MIA,CIN,19,7,1,7.0,7.0,0,0,,,,
401220142,2020-12-06,2020,13,regular,New York Jets,Las Vegas Raiders,20,13,NYJ,LV,28,31,0,7.0,7.0,0,0,,,,
401220178,2020-12-06,2020,13,regular,Houston Texans,Indianapolis Colts,34,11,HOU,IND,20,26,0,10.0,7.0,1,0,,,,
401220205,2020-12-06,2020,13,regular,Tennessee Titans,Cleveland Browns,10,5,TEN,CLE,35,41,0,7.0,7.0,0,0,,,,
401220237,2020-12-06,2020,13,regular,Los Angeles Chargers,New England Patriots,24,17,LAC,NE,0,45,0,7.0,7.0,0,0,,,,
401220274,2020-12-06,2020,13,regular,Chicago Bears,Detroit Lions,3,8,CHI,DET,30,34,0,6.0,10.0,1,0,,,,
401220297,2020-12-06,2020,13,regular,Green Bay Packers,Philadelphia Eagles,9,21,GB,PHI,30,16,1,6.0,5.0,0,0,,,,
401220303,2020-12-06,2020,13,regular,Minnesota Vikings,Jacksonville Jaguars,16,30,MIN,JAX,27,24,1,7.0,7.0,0,0,,,,
401220307,2020-12-06,2020,13,regular,Atlanta Falcons,New Orleans Saints,1,18,ATL,NO,16,21,0,7.0,7.0,1,0,,,,
401220336,2020-12-06,2020,13,regular,Arizona Cardinals,Los Angeles Rams,22,14,ARI,LAR,28,38,0,7.0,7.0,1,0,,,,
401220364,2020-12-06,2020,13,regular,Seattle Seahawks,New York Giants,26,19,SEA,NYG,12,17,0,5.0,7.0,0,0,,,,
401220176,2020-12-07,2020,13,regular,Pittsburgh Steelers,Washington,23,28,PIT,WSH,17,23,0,5.0,11.0,0,0,,,,
401220218,2020-12-07,2020,13,regular,Kansas City Chiefs,Denver Broncos,12,7,KC,DEN,22,16,1,8.0,8.0,1,0,,,,
401220357,2020-12-08,2020,13,regular,San Francisco 49ers,Buffalo Bills,25,2,SF,BUF,24,34,0,9.0,9.0,0,0,,,,
401220151,2020-12-09,2020,13,regular,Baltimore Ravens,Dallas Cowboys,33,6,BAL,DAL,34,17,1,7.0,13.0,0,0,,,,
401220349,2020-12-11,2020,14,regular,Los Angeles Rams,New England Patriots,14,17,LAR,NE,24,3,1,5.0,5.0,0,0,,,,
401220125,2020-12-13,2020,14,regular,Miami Dolphins,Kansas City Chiefs,15,12,MIA,KC,27,33,0,7.0,6.0,0,0,,,,
401220159,2020-12-13,2020,14,regular,Cincinnati Bengals,Dallas Cowboys,4,6,CIN,DAL,7,30,0,7.0,4.0,0,0,,,,
401220196,2020-12-13,2020,14,regular,Jacksonville Jaguars,Tennessee Titans,30,10,JAX,TEN,10,31,0,7.0,7.0,1,0,,,,
401220233,2020-12-13,2020,14,regular,Las Vegas Raiders,Indianapolis Colts,13,11,LV,IND,27,44,0,7.0,7.0,0,0,,,,
401220239,2020-12-13,2020,14,regular,Los Angeles Chargers,Atlanta Falcons,24,1,LAC,ATL,20,17,1,7.0,7.0,0,0,,,,
401220253,2020-12-13,2020,14,regular,New York Giants,Arizona Cardinals,19,22,NYG,ARI,7,26,0,7.0,7.0,0,0,,,,
401220265,2020-12-13,2020,14,regular,Philadelphia Eagles,New Orleans Saints,21,18,PHI,NO,24,21,1,7.0,7.0,0,0,,,,
401220279,2020-12-13,2020,14,regular,Chicago Bears,Houston Texans,3,34,CHI,HOU,36,7,1,7.0,7.0,0,0,,,,
401220283,2020-12-13,2020,14,regular,Detroit Lions,Green Bay Packers,8,9,DET,GB,24,31,0,7.0,7.0,1,0,,,,
401220319,2020-12-13,2020,14,regular,Carolina Panthers,Denver Broncos,29,7,CAR,DEN,27,32,0,14.0,6.0,0,0,,,,
401220332,2020-12-13,2020,14,regular,Tampa Bay Buccaneers,Minnesota Vikings,27,16,TB,MIN,26,14,1,14.0,7.0,0,0,,,,
401220356,2020-12-13,2020,14,regular,San Francisco 49ers,Washington,25,28,SF,WSH,15,23,0,5.0,6.0,0,0,,,,
401220366,2020-12-13,2020,14,regular,Seattle Seahawks,New York Jets,26,20,SEA,NYJ,40,3,1,7.0,7.0,0,0,,,,
401220121,2020-12-14,2020,14,regular,Buffalo Bills,Pittsburgh Steelers,2,23,BUF,PIT,26,15,1,6.0,7.0,0,0,,,,
401220162,2020-12-15,2020,14,regular,Cleveland Browns,Baltimore Ravens,5,33,CLE,BAL,42,47,0,9.0,6.0,1,0,,,,
401220228,2020-12-18,2020,15,regular,Las Vegas Raiders,Los Angeles Chargers,13,24,LV,LAC,27,30,0,5.0,5.0,1,0,,,,
401220213,2020-12-19,2020,15,regular,Denver Broncos,Buffalo Bills,7,2,DEN,BUF,19,48,0,6.0,5.0,0,0,,,,
401220123,2020-12-20,2020,15,regular,Miami Dolphins,New England Patriots,15,17,MIA,NE,22,12,1,7.0,9.0,1,0,,,,
401220149,2020-12-20,2020,15,regular,Baltimore Ravens,Jacksonville Jaguars,33,30,BAL,JAX,40,14,1,5.0,7.0,0,0,,,,
401220186,2020-12-20,2020,15,regular,Indianapolis Colts,Houston Texans,11,34,IND,HOU,27,20,1,7.0,7.0,1,0,,,,
401220208,2020-12-20,2020,15,regular,Tennessee Titans,Detroit Lions,10,8,TEN,DET,46,25,1,7.0,7.0,0,0,,,,
401220246,2020-12-20,2020,15,regular,Dallas Cowboys,San Francisco 49ers,6,25,DAL,SF,41,33,1,7.0,7.0,0,0,,,,
401220270,2020-12-20,2020,15,regular,Washington,Seattle Seahawks,28,26,WSH,SEA,15,20,0,7.0,7.0,0,0,,,,
401220294,2020-12-20,2020,15,regular,Green Bay Packers,Carolina Panthers,9,29,GB,CAR,24,16,1,7.0,7.0,0,0,,,,
401220298,2020-12-20,2020,15,regular,Minnesota Vikings,Chicago Bears,16,3,MIN,CHI,27,33,0,7.0,7.0,1,0,,,,
401220308,2020-12-20,2020,15,regular,Atlanta Falcons,Tampa Bay Buccaneers,1,27,ATL,TB,27,31,0,7.0,7.0,1,0,,,,
401220325,2020-12-20,2020,15,regular,New Orleans Saints,Kansas City Chiefs,18,12,NO,KC,29,32,0,7.0,7.0,0,0,,,,
401220339,2020-12-20,2020,15,regular,Arizona Cardinals,Philadelphia Eagles,22,21,ARI,PHI,33,26,1,7.0,7.0,0,0,,,,
401220350,2020-12-20,2020,15,regular,Los Angeles Rams,New York Jets,14,20,LAR,NYJ,20,23,0,9.0,7.0,0,0,,,,
401220255,2020-12-21,2020,15,regular,New York Giants,Cleveland Browns,19,5,NYG,CLE,6,20,0,8.0,6.0,0,0,,,,
401220156,2020-12-22,2020,15,regular,Cincinnati Bengals,Pittsburgh Steelers,4,23,CIN,PIT,27,17,1,9.0,8.0,1,0,,,,
401220324,2020-12-25,2020,16,regular,New Orleans Saints,Minnesota Vikings,18,16,NO,MIN,52,33,1,5.0,5.0,0,0,,,,
401220286,2020-12-26,2020,16,regular,Detroit Lions,Tampa Bay Buccaneers,8,27,DET,TB,7,47,0,6.0,6.0,0,0,,,,
401220337,2020-12-26,2020,16,regular,Arizona Cardinals,San Francisco 49ers,22,25,ARI,SF,12,20,0,6.0,6.0,1,0,,,,
401220145,2020-12-27,2020,16,regular,New York Jets,Cleveland Browns,20,5,NYJ,CLE,23,16,1,7.0,6.0,0,0,,,,
401220152,2020-12-27,2020,16,regular,Baltimore Ravens,New York Giants,33,19,BAL,NYG,27,13,1,7.0,6.0,0,0,,,,
401220174,2020-12-27,2020,16,regular,Pittsburgh Steelers,Indianapolis Colts,23,11,PIT,IND,28,24,1,5.0,7.0,0,0,,,,
401220182,2020-12-27,2020,16,regular,Houston Texans,Cincinnati Bengals,34,4,HOU,CIN,31,37,0,7.0,5.0,0,0,,,,
401220199,2020-12-27,2020,16,regular,Jacksonville Jaguars,Chicago Bears,30,3,JAX,CHI,17,41,0,7.0,7.0,0,0,,,,
401220223,2020-12-27,2020,16,regular,Kansas City Chiefs,Atlanta Falcons,12,1,KC,ATL,17,14,1,7.0,7.0,0,0,,,,
401220230,2020-12-27,2020,16,regular,Las Vegas Raiders,Miami Dolphins,13,15,LV,MIA,25,26,0,9.0,7.0,0,0,,,,
401220234,2020-12-27,2020,16,regular,Los Angeles Chargers,Denver Broncos,24,7,LAC,DEN,19,16,1,9.0,8.0,1,0,,,,
401220243,2020-12-27,2020,16,regular,Dallas Cowboys,Philadelphia Eagles,6,21,DAL,PHI,37,17,1,7.0,7.0,1,0,,,,
401220273,2020-12-27,2020,16,regular,Washington,Carolina Panthers,28,29,WSH,CAR,13,20,0,7.0,7.0,0,0,,,,
401220362,2020-12-27,2020,16,regular,Seattle Seahawks,Los Angeles Rams,26,14,SEA,LAR,20,9,1,7.0,7.0,1,0,,,,
401220296,2020-12-28,2020,16,regular,Green Bay Packers,Tennessee Titans,9,10,GB,TEN,40,14,1,8.0,8.0,0,0,,,,
401220130,2020-12-29,2020,16,regular,New England Patriots,Buffalo Bills,17,2,NE,BUF,9,38,0,9.0,10.0,1,0,,,,
401220114,2021-01-03,2020,17,regular,Buffalo Bills,Miami Dolphins,2,15,BUF,MIA,56,26,1,5.0,7.0,1,0,,,,
401220132,2021-01-03,2020,17,regular,New England Patriots,New York Jets,17,20,NE,NYJ,28,14,1,5.0,7.0,1,0,,,,
401220154,2021-01-03,2020,17,regular,Cincinnati Bengals,Baltimore Ravens,4,33,CIN,BAL,3,38,0,7.0,7.0,1,0,,,,
401220164,2021-01-03,2020,17,regular,Cleveland Browns,Pittsburgh Steelers,5,23,CLE,PIT,24,22,1,7.0,7.0,1,0,,,,
401220180,2021-01-03,2020,17,regular,Houston Texans,Tennessee Titans,34,10,HOU,TEN,38,41,0,7.0,6.0,1,0,,,,
401220187,2021-01-03,2020,17,regular,Indianapolis Colts,Jacksonville Jaguars,11,30,IND,JAX,28,14,1,7.0,7.0,1,0,,,,
401220211,2021-01-03,2020,17,regular,Denver Broncos,Las Vegas Raiders,7,13,DEN,LV,31,32,0,7.0,7.0,1,0,,,,
401220220,2021-01-03,2020,17,regular,Kansas City Chiefs,Los Angeles Chargers,12,24,KC,LAC,21,38,0,7.0,7.0,1,0,,,,
401220250,2021-01-03,2020,17,regular,New York Giants,Dallas Cowboys,19,6,NYG,DAL,23,19,1,7.0,7.0,1,0,,,,
401220275,2021-01-03,2020,17,regular,Chicago Bears,Green Bay Packers,3,9,CHI,GB,16,35,0,7.0,6.0,1,0,,,,
401220284,2021-01-03,2020,17,regular,Detroit Lions,Minnesota Vikings,8,16,DET,MIN,35,37,0,8.0,9.0,1,0,,,,
401220315,2021-01-03,2020,17,regular,Carolina Panthers,New Orleans Saints,29,18,CAR,NO,7,33,0,7.0,9.0,1,0,,,,
401220328,2021-01-03,2020,17,regular,Tampa Bay Buccaneers,Atlanta Falcons,27,1,TB,ATL,44,27,1,8.0,7.0,1,0,,,,
401220344,2021-01-03,2020,17,regular,Los Angeles Rams,Arizona Cardinals,14,22,LAR,ARI,18,7,1,7.0,8.0,1,0,,,,
401220354,2021-01-03,2020,17,regular,San Francisco 49ers,Seattle Seahawks,25,26,SF,SEA,23,26,0,8.0,7.0,1,0,,,,
401220260,2021-01-04,2020,17,regular,Philadelphia Eagles,Washington,21,28,PHI,WSH,14,20,0,8.0,8.0,1,0,,,,
401326605,2021-08-06,2021,1,preseason,Pittsburgh Steelers,Dallas Cowboys,23,6,PIT,DAL,16,3,1,7.0,7.0,0,1,,,,
401326352,2021-08-12,2021,2,preseason,New England Patriots,Washington,17,28,NE,WSH,22,13,1,7.0,7.0,0,0,,,,
401326606,2021-08-12,2021,2,preseason,Philadelphia Eagles,Pittsburgh Steelers,21,23,PHI,PIT,16,24,0,7.0,6.0,0,0,,,,
401326621,2021-08-13,2021,2,preseason,Atlanta Falcons,Tennessee Titans,1,10,ATL,TEN,3,23,0,7.0,7.0,0,0,,,,
401327515,2021-08-13,2021,2,preseason,Detroit Lions,Buffalo Bills,8,2,DET,BUF,15,16,0,7.0,7.0,0,0,,,,
401326351,2021-08-14,2021,2,preseason,Tampa Bay Buccaneers,Cincinnati Bengals,27,4,TB,CIN,14,19,0,7.0,7.0,0,0,,,,
401326617,2021-08-14,2021,2,preseason,Chicago Bears,Miami Dolphins,3,15,CHI,MIA,20,13,1,7.0,7.0,0,0,,,,
401326921,2021-08-14,2021,2,preseason,Baltimore Ravens,New Orleans Saints,33,18,BAL,NO,17,14,1,7.0,7.0,0,0,,,,
401330875,2021-08-14,2021,2,preseason,Jacksonville Jaguars,Cleveland Browns,30,5,JAX,CLE,13,23,0,7.0,7.0,0,0,,,,
401332403,2021-08-14,2021,2,preseason,Arizona Cardinals,Dallas Cowboys,22,6,ARI,DAL,19,16,1,7.0,8.0,0,0,,,,
401333568,2021-08-14,2021,2,preseason,New York Giants,New York Jets,19,20,NYG,NYJ,7,12,0,7.0,7.0,0,0,,,,
401333579,2021-08-14,2021,2,preseason,Minnesota Vikings,Denver Broncos,16,7,MIN,DEN,6,33,0,7.0,7.0,0,0,,,,
401326604,2021-08-15,2021,2,preseason,Green Bay Packers,Houston Texans,9,34,GB,HOU,7,26,0,7.0,7.0,0,0,,,,
401329163,2021-08-15,2021,2,preseason,Los Angeles Rams,Los Angeles Chargers,14,24,LAR,LAC,6,13,0,7.0,7.0,0,0,,,,
401329166,2021-08-15,2021,2,preseason,San Francisco 49ers,Kansas City Chiefs,25,12,SF,KC,16,19,0,7.0,7.0,0,0,,,,
401333578,2021-08-15,2021,2,preseason,Indianapolis Colts,Carolina Panthers,11,29,IND,CAR,21,18,1,7.0,7.0,0,0,,,,
401333584,2021-08-15,2021,2,preseason,Las Vegas Raiders,Seattle Seahawks,13,26,LV,SEA,20,7,1,7.0,7.0,0,0,,,,
401326613,2021-08-19,2021,3,preseason,Philadelphia Eagles,New England Patriots,21,17,PHI,NE,0,35,0,7.0,7.0,0,0,,,,
401326607,2021-08-21,2021,3,preseason,Pittsburgh Steelers,Detroit Lions,23,8,PIT,DET,26,20,1,9.0,8.0,0,0,,,,
401326609,2021-08-21,2021,3,preseason,Green Bay Packers,New York Jets,9,20,GB,NYJ,14,23,0,6.0,7.0,0,0,,,,
401326614,2021-08-21,2021,3,preseason,Tampa Bay Buccaneers,Tennessee Titans,27,10,TB,TEN,3,34,0,7.0,8.0,0,0,,,,
401326618,2021-08-21,2021,3,preseason,Miami Dolphins,Atlanta Falcons,15,1,MIA,ATL,37,17,1,7.0,8.0,0,0,,,,
401326622,2021-08-21,2021,3,preseason,Chicago Bears,Buffalo Bills,3,2,CHI,BUF,15,41,0,7.0,8.0,0,0,,,,
401326624,2021-08-21,2021,3,preseason,Arizona Cardinals,Kansas City Chiefs,22,12,ARI,KC,10,17,0,7.0,6.0,0,0,,,,
401326922,2021-08-21,2021,3,preseason,Carolina Panthers,Baltimore Ravens,29,33,CAR,BAL,3,20,0,6.0,7.0,0,0,,,,
401326954,2021-08-21,2021,3,preseason,Washington,Cincinnati Bengals,28,4,WSH,CIN,17,13,1,9.0,7.0,0,0,,,,
401329164,2021-08-22,2021,3,preseason,Los Angeles Rams,Las Vegas Raiders,14,13,LAR,LV,16,17,0,7.0,7.0,0,0,,,,
401329167,2021-08-22,2021,3,preseason,Los Angeles Chargers,San Francisco 49ers,24,25,LAC,SF,10,15,0,7.0,7.0,0,0,,,,
401333536,2021-08-22,2021,3,preseason,Dallas Cowboys,Houston Texans,6,34,DAL,HOU,14,20,0,8.0,7.0,0,0,,,,
401333560,2021-08-22,2021,3,preseason,Cleveland Browns,New York Giants,5,19,CLE,NYG,17,13,1,8.0,8.0,0,0,,,,
401333580,2021-08-22,2021,3,preseason,Seattle Seahawks,Denver Broncos,26,7,SEA,DEN,3,30,0,7.0,8.0,0,0,,,,
401333582,2021-08-22,2021,3,preseason,Minnesota Vikings,Indianapolis Colts,16,11,MIN,IND,10,12,0,8.0,7.0,0,0,,,,
401326620,2021-08-24,2021,3,preseason,New Orleans Saints,Jacksonville Jaguars,18,30,NO,JAX,23,21,1,10.0,10.0,0,0,,,,
401326608,2021-08-27,2021,4,preseason,Carolina Panthers,Pittsburgh Steelers,29,23,CAR,PIT,34,9,1,6.0,6.0,0,0,,,,
401333581,2021-08-27,2021,4,preseason,Detroit Lions,Indianapolis Colts,8,11,DET,IND,17,27,0,6.0,5.0,0,0,,,,
401326610,2021-08-28,2021,4,preseason,Buffalo Bills,Green Bay Packers,2,9,BUF,GB,19,0,1,7.0,7.0,0,0,,,,
401326623,2021-08-28,2021,4,preseason,Tennessee Titans,Chicago Bears,10,3,TEN,CHI,24,27,0,7.0,7.0,0,0,,,,
401326923,2021-08-28,2021,4,preseason,Washington,Baltimore Ravens,28,33,WSH,BAL,3,37,0,7.0,7.0,0,0,,,,
401333583,2021-08-28,2021,4,preseason,Kansas City Chiefs,Minnesota Vikings,12,16,KC,MIN,28,25,1,7.0,6.0,0,0,,,,
401326615,2021-08-29,2021,4,preseason,Houston Texans,Tampa Bay Buccaneers,34,27,HOU,TB,16,23,0,7.0,8.0,0,0,,,,
401326616,2021-08-29,2021,4,preseason,New York Giants,New England Patriots,19,17,NYG,NE,20,22,0,7.0,10.0,0,0,,,,
401326619,2021-08-29,2021,4,preseason,Cincinnati Bengals,Miami Dolphins,4,15,CIN,MIA,26,29,0,8.0,8.0,0,0,,,,
401327826,2021-08-29,2021,4,preseason,Denver Broncos,Los Angeles Rams,7,14,DEN,LAR,17,12,1,7.0,7.0,0,0,,,,
401329168,2021-08-29,2021,4,preseason,San Francisco 49ers,Las Vegas Raiders,25,13,SF,LV,34,10,1,7.0,7.0,0,0,,,,
401330876,2021-08-29,2021,4,preseason,Dallas Cowboys,Jacksonville Jaguars,6,30,DAL,JAX,14,34,0,7.0,5.0,0,0,,,,
401333585,2021-08-29,2021,4,preseason,Seattle Seahawks,Los Angeles Chargers,26,24,SEA,LAC,27,0,1,7.0,7.0,0,0,,,,
401326603,2021-08-30,2021,4,preseason,Atlanta Falcons,Cleveland Browns,1,5,ATL,CLE,10,19,0,9.0,8.0,0,0,,,,
401326322,2021-09-10,2021,1,regular,Tampa Bay Buccaneers,Dallas Cowboys,27,6,TB,DAL,31,29,1,12.0,12.0,0,0,,,,
401326308,2021-09-12,2021,1,regular,Buffalo Bills,Pittsburgh Steelers,2,23,BUF,PIT,16,23,0,15.0,16.0,0,0,,,,
401326309,2021-09-12,2021,1,regular,Carolina Panthers,New York Jets,29,20,CAR,NYJ,19,14,1,16.0,7.0,0,0,,,,
401326310,2021-09-12,2021,1,regular,Houston Texans,Jacksonville Jaguars,34,30,HOU,JAX,37,21,1,14.0,14.0,1,0,,,,
401326311,2021-09-12,2021,1,regular,Tennessee Titans,Arizona Cardinals,10,22,TEN,ARI,13,38,0,15.0,7.0,0,0,,,,
401326312,2021-09-12,2021,1,regular,Washington,Los Angeles Chargers,28,24,WSH,LAC,16,20,0,15.0,14.0,0,0,,,,
401326313,2021-09-12,2021,1,regular,New England Patriots,Miami Dolphins,17,15,NE,MIA,16,17,0,14.0,14.0,1,0,,,,
401326314,2021-09-12,2021,1,regular,Kansas City Chiefs,Cleveland Browns,12,5,KC,CLE,33,29,1,15.0,13.0,0,0,,,,
401326315,2021-09-12,2021,1,regular,Atlanta Falcons,Philadelphia Eagles,1,21,ATL,PHI,6,32,0,13.0,7.0,0,0,,,,
401326316,2021-09-12,2021,1,regular,Cincinnati Bengals,Minnesota Vikings,4,16,CIN,MIN,27,24,1,14.0,15.0,0,0,,,,
401326317,2021-09-12,2021,1,regular,Detroit Lions,San Francisco 49ers,8,25,DET,SF,33,41,0,16.0,14.0,0,0,,,,
401326318,2021-09-12,2021,1,regular,Indianapolis Colts,Seattle Seahawks,11,26,IND,SEA,16,28,0,16.0,14.0,0,0,,,,
401326319,2021-09-12,2021,1,regular,New Orleans Saints,Green Bay Packers,18,9,NO,GB,38,3,1,19.0,15.0,0,0,,,,
401326320,2021-09-12,2021,1,regular,New York Giants,Denver Broncos,19,7,NYG,DEN,13,27,0,14.0,14.0,0,0,,,,
401326323,2021-09-13,2021,1,regular,Los Angeles Rams,Chicago Bears,14,3,LAR,CHI,34,14,1,15.0,16.0,0,0,,,,
401326321,2021-09-14,2021,1,regular,Las Vegas Raiders,Baltimore Ravens,13,33,LV,BAL,33,27,1,16.0,17.0,0,0,,,,
401326127,2021-09-17,2021,2,regular,Washington,New York Giants,28,19,WSH,NYG,30,29,1,5.0,5.0,1,0,,,,
401326128,2021-09-19,2021,2,regular,Carolina Panthers,New Orleans Saints,29,18,CAR,NO,26,7,1,7.0,7.0,1,0,,,,
401326129,2021-09-19,2021,2,regular,Chicago Bears,Cincinnati Bengals,3,4,CHI,CIN,20,17,1,6.0,7.0,0,0,,,,
401326130,2021-09-19,2021,2,regular,Cleveland Browns,Houston Texans,5,34,CLE,HOU,31,21,1,7.0,7.0,0,0,,,,
401326131,2021-09-19,2021,2,regular,Indianapolis Colts,Los Angeles Rams,11,14,IND,LAR,24,27,0,7.0,6.0,0,0,,,,
401326132,2021-09-19,2021,2,regular,Jacksonville Jaguars,Denver Broncos,30,7,JAX,DEN,13,23,0,7.0,7.0,0,0,,,,
401326353,2021-09-19,2021,2,regular,Miami Dolphins,Buffalo Bills,15,2,MIA,BUF,0,35,0,7.0,7.0,1,0,,,,
401326354,2021-09-19,2021,2,regular,New York Jets,New England Patriots,20,17,NYJ,NE,6,25,0,7.0,7.0,1,0,,,,
401326355,2021-09-19,2021,2,regular,Philadelphia Eagles,San Francisco 49ers,21,25,PHI,SF,11,17,0,7.0,7.0,0,0,,,,
401326356,2021-09-19,2021,2,regular,Pittsburgh Steelers,Las Vegas Raiders,23,13,PIT,LV,17,26,0,7.0,5.0,0,0,,,,
401326357,2021-09-19,2021,2,regular,Arizona Cardinals,Minnesota Vikings,22,16,ARI,MIN,34,33,1,7.0,7.0,0,0,,,,
401326358,2021-09-19,2021,2,regular,Tampa Bay Buccaneers,Atlanta Falcons,27,1,TB,ATL,48,25,1,9.0,7.0,1,0,,,,
401326359,2021-09-19,2021,2,regular,Los Angeles Chargers,Dallas Cowboys,24,6,LAC,DAL,17,20,0,7.0,9.0,0,0,,,,
401326360,2021-09-19,2021,2,regular,Seattle Seahawks,Tennessee Titans,26,10,SEA,TEN,30,33,0,7.0,7.0,0,0,,,,
401326361,2021-09-20,2021,2,regular,Baltimore Ravens,Kansas City Chiefs,33,12,BAL,KC,36,35,1,6.0,8.0,0,0,,,,
401326362,2021-09-21,2021,2,regular,Green Bay Packers,Detroit Lions,9,8,GB,DET,35,17,1,9.0,9.0,1,0,,,,
401326363,2021-09-24,2021,3,regular,Houston Texans,Carolina Panthers,34,29,HOU,CAR,9,24,0,5.0,5.0,0,0,,,,
401326364,2021-09-26,2021,3,regular,Buffalo Bills,Washington,2,28,BUF,WSH,43,21,1,7.0,9.0,0,0,,,,
401326365,2021-09-26,2021,3,regular,Cleveland Browns,Chicago Bears,5,3,CLE,CHI,26,6,1,7.0,7.0,0,0,,,,
401326366,2021-09-26,2021,3,regular,Detroit Lions,Baltimore Ravens,8,33,DET,BAL,17,19,0,5.0,6.0,0,0,,,,
401326367,2021-09-26,2021,3,regular,Jacksonville Jaguars,Arizona Cardinals,30,22,JAX,ARI,19,31,0,7.0,7.0,0,0,,,,
401326368,2021-09-26,2021,3,regular,Kansas City Chiefs,Los Angeles Chargers,12,24,KC,LAC,24,30,0,6.0,7.0,1,0,,,,
401326369,2021-09-26,2021,3,regular,New England Patriots,New Orleans Saints,17,18,NE,NO,13,28,0,7.0,7.0,0,0,,,,
401326370,2021-09-26,2021,3,regular,New York Giants,Atlanta Falcons,19,1,NYG,ATL,14,17,0,9.0,7.0,0,0,,,,
401326371,2021-09-26,2021,3,regular,Pittsburgh Steelers,Cincinnati Bengals,23,4,PIT,CIN,10,24,0,7.0,7.0,1,0,,,,
401326372,2021-09-26,2021,3,regular,Tennessee Titans,Indianapolis Colts,10,11,TEN,IND,25,16,1,7.0,7.0,1,0,,,,
401326373,2021-09-26,2021,3,regular,Denver Broncos,New York Jets,7,20,DEN,NYJ,26,0,1,7.0,7.0,0,0,,,,
401326374,2021-09-26,2021,3,regular,Las Vegas Raiders,Miami Dolphins,13,15,LV,MIA,31,28,1,7.0,7.0,0,0,,,,
401326375,2021-09-26,2021,3,regular,Los Angeles Rams,Tampa Bay Buccaneers,14,27,LAR,TB,34,24,1,7.0,7.0,0,0,,,,
401326376,2021-09-26,2021,3,regular,Minnesota Vikings,Seattle Seahawks,16,26,MIN,SEA,30,17,1,7.0,7.0,0,0,,,,
401326377,2021-09-27,2021,3,regular,San Francisco 49ers,Green Bay Packers,25,9,SF,GB,28,30,0,8.0,6.0,0,0,,,,
401326378,2021-09-28,2021,3,regular,Dallas Cowboys,Philadelphia Eagles,6,21,DAL,PHI,41,21,1,9.0,9.0,1,0,,,,
401326379,2021-10-01,2021,4,regular,Cincinnati Bengals,Jacksonville Jaguars,4,30,CIN,JAX,24,21,1,5.0,5.0,0,0,,,,
401326380,2021-10-03,2021,4,regular,Atlanta Falcons,Washington,1,28,ATL,WSH,30,34,0,7.0,7.0,0,0,,,,
401326381,2021-10-03,2021,4,regular,Buffalo Bills,Houston Texans,2,34,BUF,HOU,40,0,1,7.0,9.0,0,0,,,,
401326382,2021-10-03,2021,4,regular,Chicago Bears,Detroit Lions,3,8,CHI,DET,24,14,1,7.0,7.0,1,0,,,,
401326383,2021-10-03,2021,4,regular,Dallas Cowboys,Carolina Panthers,6,29,DAL,CAR,36,28,1,5.0,9.0,0,0,,,,
401326384,2021-10-03,2021,4,regular,Miami Dolphins,Indianapolis Colts,15,11,MIA,IND,17,27,0,7.0,7.0,0,0,,,,
401326385,2021-10-03,2021,4,regular,Minnesota Vikings,Cleveland Browns,16,5,MIN,CLE,7,14,0,7.0,7.0,0,0,,,,
401326386,2021-10-03,2021,4,regular,New Orleans Saints,New York Giants,18,19,NO,NYG,21,27,0,7.0,7.0,0,0,,,,
401326387,2021-10-03,2021,4,regular,New York Jets,Tennessee Titans,20,10,NYJ,TEN,27,24,1,7.0,7.0,0,0,,,,
401326388,2021-10-03,2021,4,regular,Philadelphia Eagles,Kansas City Chiefs,21,12,PHI,KC,30,42,0,5.0,7.0,0,0,,,,
401326389,2021-10-03,2021,4,regular,Los Angeles Rams,Arizona Cardinals,14,22,LAR,ARI,20,37,0,7.0,7.0,1,0,,,,
401326390,2021-10-03,2021,4,regular,San Francisco 49ers,Seattle Seahawks,25,26,SF,SEA,21,28,0,6.0,7.0,1,0,,,,
401326391,2021-10-03,2021,4,regular,Denver Broncos,Baltimore Ravens,7,33,DEN,BAL,7,23,0,7.0,7.0,0,0,,,,
401326392,2021-10-03,2021,4,regular,Green Bay Packers,Pittsburgh Steelers,9,23,GB,PIT,27,17,1,6.0,7.0,0,0,,,,
401326393,2021-10-04,2021,4,regular,New England Patriots,Tampa Bay Buccaneers,17,27,NE,TB,17,19,0,8.0,8.0,0,0,,,,
401326394,2021-10-05,2021,4,regular,Los Angeles Chargers,Las Vegas Raiders,24,13,LAC,LV,28,14,1,9.0,9.0,1,0,,,,
401326395,2021-10-08,2021,5,regular,Seattle Seahawks,Los Angeles Rams,26,14,SEA,LAR,17,26,0,5.0,5.0,1,0,,,,
401326324,2021-10-10,2021,5,regular,Atlanta Falcons,New York Jets,1,20,ATL,NYJ,27,20,1,7.0,7.0,0,1,,,,
401326396,2021-10-10,2021,5,regular,Carolina Panthers,Philadelphia Eagles,29,21,CAR,PHI,18,21,0,7.0,7.0,0,0,,,,
401326397,2021-10-10,2021,5,regular,Cincinnati Bengals,Green Bay Packers,4,9,CIN,GB,22,25,0,9.0,7.0,0,0,,,,
401326398,2021-10-10,2021,5,regular,Houston Texans,New England Patriots,34,17,HOU,NE,22,25,0,7.0,6.0,0,0,,,,
401326399,2021-10-10,2021,5,regular,Jacksonville Jaguars,Tennessee Titans,30,10,JAX,TEN,19,37,0,9.0,7.0,1,0,,,,
401326400,2021-10-10,2021,5,regular,Minnesota Vikings,Detroit Lions,16,8,MIN,DET,19,17,1,7.0,7.0,1,0,,,,
401326401,2021-10-10,2021,5,regular,Pittsburgh Steelers,Denver Broncos,23,7,PIT,DEN,27,19,1,7.0,7.0,0,0,,,,
401326402,2021-10-10,2021,5,regular,Tampa Bay Buccaneers,Miami Dolphins,27,15,TB,MIA,45,17,1,6.0,7.0,0,0,,,,
401326403,2021-10-10,2021,5,regular,Washington,New Orleans Saints,28,18,WSH,NO,22,33,0,7.0,7.0,0,0,,,,
401326404,2021-10-10,2021,5,regular,Los Angeles Chargers,Cleveland Browns,24,5,LAC,CLE,47,42,1,5.0,7.0,0,0,,,,
401326405,2021-10-10,2021,5,regular,Las Vegas Raiders,Chicago Bears,13,3,LV,CHI,9,20,0,5.0,7.0,0,0,,,,
401326406,2021-10-10,2021,5,regular,Arizona Cardinals,San Francisco 49ers,22,25,ARI,SF,17,10,1,7.0,7.0,1,0,,,,
401326407,2021-10-10,2021,5,regular,Dallas Cowboys,New York Giants,6,19,DAL,NYG,44,20,1,7.0,7.0,1,0,,,,
401326408,2021-10-11,2021,5,regular,Kansas City Chiefs,Buffalo Bills,12,2,KC,BUF,20,38,0,8.0,8.0,0,0,,,,
401326409,2021-10-12,2021,5,regular,Baltimore Ravens,Indianapolis Colts,33,11,BAL,IND,31,25,1,9.0,9.0,0,0,,,,
401326410,2021-10-15,2021,6,regular,Philadelphia Eagles,Tampa Bay Buccaneers,21,27,PHI,TB,22,28,0,5.0,5.0,0,0,,,,
401326325,2021-10-17,2021,6,regular,Jacksonville Jaguars,Miami Dolphins,30,15,JAX,MIA,23,20,1,7.0,7.0,0,1,,,,
401326411,2021-10-17,2021,6,regular,Baltimore Ravens,Los Angeles Chargers,33,24,BAL,LAC,34,6,1,5.0,7.0,0,0,,,,
401326412,2021-10-17,2021,6,regular,Carolina Panthers,Minnesota Vikings,29,16,CAR,MIN,28,34,0,7.0,7.0,0,0,,,,
401326413,2021-10-17,2021,6,regular,Chicago Bears,Green Bay Packers,3,9,CHI,GB,14,24,0,7.0,7.0,1,0,,,,
401326414,2021-10-17,2021,6,regular,Detroit Lions,Cincinnati Bengals,8,4,DET,CIN,11,34,0,7.0,7.0,0,0,,,,
401326415,2021-10-17,2021,6,regular,Indianapolis Colts,Houston Texans,11,34,IND,HOU,31,3,1,5.0,7.0,1,0,,,,
401326416,2021-10-17,2021,6,regular,New York Giants,Los Angeles Rams,19,14,NYG,LAR,11,38,0,7.0,9.0,0,0,,,,
401326417,2021-10-17,2021,6,regular,Washington,Kansas City Chiefs,28,12,WSH,KC,13,31,0,7.0,6.0,0,0,,,,
401326418,2021-10-17,2021,6,regular,Cleveland Browns,Arizona Cardinals,5,22,CLE,ARI,14,37,0,7.0,7.0,0,0,,,,
401326419,2021-10-17,2021,6,regular,Denver Broncos,Las Vegas Raiders,7,13,DEN,LV,24,34,0,7.0,7.0,1,0,,,,
401326420,2021-10-17,2021,6,regular,New England Patriots,Dallas Cowboys,17,6,NE,DAL,29,35,0,7.0,7.0,0,0,,,,
401326421,2021-10-18,2021,6,regular,Pittsburgh Steelers,Seattle Seahawks,23,26,PIT,SEA,23,20,1,8.0,10.0,0,0,,,,
401326422,2021-10-19,2021,6,regular,Tennessee Titans,Buffalo Bills,10,2,TEN,BUF,34,31,1,9.0,8.0,0,0,,,,
401326423,2021-10-22,2021,7,regular,Cleveland Browns,Denver Broncos,5,7,CLE,DEN,17,14,1,5.0,5.0,0,0,,,,
401326424,2021-10-24,2021,7,regular,Baltimore Ravens,Cincinnati Bengals,33,4,BAL,CIN,17,41,0,7.0,7.0,1,0,,,,
401326425,2021-10-24,2021,7,regular,Green Bay Packers,Washington,9,28,GB,WSH,24,10,1,7.0,7.0,0,0,,,,
401326426,2021-10-24,2021,7,regular,Miami Dolphins,Atlanta Falcons,15,1,MIA,ATL,28,30,0,7.0,14.0,0,0,,,,
401326427,2021-10-24,2021,7,regular,New England Patriots,New York Jets,17,20,NE,NYJ,54,13,1,7.0,14.0,1,0,,,,
401326428,2021-10-24,2021,7,regular,New York Giants,Carolina Panthers,19,29,NYG,CAR,25,3,1,7.0,7.0,0,0,,,,
401326429,2021-10-24,2021,7,regular,Tennessee Titans,Kansas City Chiefs,10,12,TEN,KC,27,3,1,5.0,7.0,0,0,,,,
401326430,2021-10-24,2021,7,regular,Los Angeles Rams,Detroit Lions,14,8,LAR,DET,28,19,1,7.0,7.0,0,0,,,,
401326431,2021-10-24,2021,7,regular,Las Vegas Raiders,Philadelphia Eagles,13,21,LV,PHI,33,22,1,7.0,9.0,0,0,,,,
401326432,2021-10-24,2021,7,regular,Arizona Cardinals,Houston Texans,22,34,ARI,HOU,31,5,1,7.0,7.0,0,0,,,,
401326433,2021-10-24,2021,7,regular,Tampa Bay Buccaneers,Chicago Bears,27,3,TB,CHI,38,3,1,9.0,7.0,0,0,,,,
401326434,2021-10-25,2021,7,regular,San Francisco 49ers,Indianapolis Colts,25,11,SF,IND,18,30,0,15.0,8.0,0,0,,,,
401326435,2021-10-26,2021,7,regular,Seattle Seahawks,New Orleans Saints,26,18,SEA,NO,10,13,0,8.0,16.0,0,0,,,,
401326436,2021-10-29,2021,8,regular,Arizona Cardinals,Green Bay Packers,22,9,ARI,GB,21,24,0,5.0,5.0,0,0,,,,
401326437,2021-10-31,2021,8,regular,Atlanta Falcons,Carolina Panthers,1,29,ATL,CAR,13,19,0,7.0,7.0,1,0,,,,
401326438,2021-10-31,2021,8,regular,Buffalo Bills,Miami Dolphins,2,15,BUF,MIA,26,11,1,12.0,7.0,1,0,,,,
401326439,2021-10-31,2021,8,regular,Chicago Bears,San Francisco 49ers,3,25,CHI,SF,22,33,0,7.0,6.0,0,0,,,,
401326440,2021-10-31,2021,8,regular,Cleveland Browns,Pittsburgh Steelers,5,23,CLE,PIT,10,15,0,9.0,13.0,1,0,,,,
401326441,2021-10-31,2021,8,regular,Detroit Lions,Philadelphia Eagles,8,21,DET,PHI,6,44,0,7.0,7.0,0,0,,,,
401326442,2021-10-31,2021,8,regular,Houston Texans,Los Angeles Rams,34,14,HOU,LAR,22,38,0,7.0,7.0,0,0,,,,
401326443,2021-10-31,2021,8,regular,Indianapolis Colts,Tennessee Titans,11,10,IND,TEN,31,34,0,6.0,7.0,1,0,,,,
401326444,2021-10-31,2021,8,regular,New York Jets,Cincinnati Bengals,20,4,NYJ,CIN,34,31,1,7.0,7.0,0,0,,,,
401326445,2021-10-31,2021,8,regular,Los Angeles Chargers,New England Patriots,24,17,LAC,NE,24,27,0,14.0,7.0,0,0,,,,
401326446,2021-10-31,2021,8,regular,Seattle Seahawks,Jacksonville Jaguars,26,30,SEA,JAX,31,7,1,5.0,14.0,0,0,,,,
401326447,2021-10-31,2021,8,regular,Denver Broncos,Washington,7,28,DEN,WSH,17,10,1,9.0,7.0,0,0,,,,
401326448,2021-10-31,2021,8,regular,New Orleans Saints,Tampa Bay Buccaneers,18,27,NO,TB,36,27,1,5.0,7.0,1,0,,,,
401326449,2021-11-01,2021,8,regular,Minnesota Vikings,Dallas Cowboys,16,6,MIN,DAL,16,20,0,15.0,15.0,0,0,,,,
401326450,2021-11-02,2021,8,regular,Kansas City Chiefs,New York Giants,12,19,KC,NYG,20,17,1,9.0,9.0,0,0,,,,
401326451,2021-11-05,2021,9,regular,Indianapolis Colts,New York Jets,11,20,IND,NYJ,45,30,1,5.0,5.0,0,0,,,,
401326452,2021-11-07,2021,9,regular,Baltimore Ravens,Minnesota Vikings,33,16,BAL,MIN,34,31,1,14.0,6.0,0,0,,,,
401326453,2021-11-07,2021,9,regular,Carolina Panthers,New England Patriots,29,17,CAR,NE,6,24,0,7.0,7.0,0,0,,,,
401326454,2021-11-07,2021,9,regular,Cincinnati Bengals,Cleveland Browns,4,5,CIN,CLE,16,41,0,7.0,7.0,1,0,,,,
401326455,2021-11-07,2021,9,regular,Dallas Cowboys,Denver Broncos,6,7,DAL,DEN,16,30,0,6.0,7.0,0,0,,,,
401326456,2021-11-07,2021,9,regular,Jacksonville Jaguars,Buffalo Bills,30,2,JAX,BUF,9,6,1,7.0,7.0,0,0,,,,
401326457,2021-11-07,2021,9,regular,Miami Dolphins,Houston Texans,15,34,MIA,HOU,17,9,1,7.0,7.0,0,0,,,,
401326458,2021-11-07,2021,9,regular,New Orleans Saints,Atlanta Falcons,18,1,NO,ATL,25,27,0,7.0,7.0,1,0,,,,
401326459,2021-11-07,2021,9,regular,New York Giants,Las Vegas Raiders,19,13,NYG,LV,23,16,1,5.0,14.0,0,0,,,,
401326460,2021-11-07,2021,9,regular,Philadelphia Eagles,Los Angeles Chargers,21,24,PHI,LAC,24,27,0,7.0,7.0,0,0,,,,
401326461,2021-11-07,2021,9,regular,Kansas City Chiefs,Green Bay Packers,12,9,KC,GB,13,7,1,5.0,9.0,0,0,,,,
401326462,2021-11-07,2021,9,regular,San Francisco 49ers,Arizona Cardinals,25,22,SF,ARI,17,31,0,7.0,9.0,1,0,,,,
401326463,2021-11-08,2021,9,regular,Los Angeles Rams,Tennessee Titans,14,10,LAR,TEN,16,28,0,8.0,8.0,0,0,,,,
401326464,2021-11-09,2021,9,regular,Pittsburgh Steelers,Chicago Bears,23,3,PIT,CHI,29,27,1,9.0,9.0,0,0,,,,
401326465,2021-11-12,2021,10,regular,Miami Dolphins,Baltimore Ravens,15,33,MIA,BAL,22,10,1,5.0,5.0,0,0,,,,
401326466,2021-11-14,2021,10,regular,Dallas Cowboys,Atlanta Falcons,6,1,DAL,ATL,43,3,1,7.0,7.0,0,0,,,,
401326467,2021-11-14,2021,10,regular,Indianapolis Colts,Jacksonville Jaguars,11,30,IND,JAX,23,17,1,9.0,7.0,1,0,,,,
401326468,2021-11-14,2021,10,regular,New England Patriots,Cleveland Browns,17,5,NE,CLE,45,7,1,7.0,7.0,0,0,,,,
401326469,2021-11-14,2021,10,regular,New York Jets,Buffalo Bills,20,2,NYJ,BUF,17,45,0,9.0,7.0,1,0,,,,
401326471,2021-11-14,2021,10,regular,Tennessee Titans,New Orleans Saints,10,18,TEN,NO,23,21,1,6.0,7.0,0,0,,,,
401326472,2021-11-14,2021,10,regular,Washington,Tampa Bay Buccaneers,28,27,WSH,TB,29,19,1,14.0,14.0,0,0,,,,
401326473,2021-11-14,2021,10,regular,Arizona Cardinals,Carolina Panthers,22,29,ARI,CAR,10,34,0,7.0,7.0,0,0,,,,
401326474,2021-11-14,2021,10,regular,Los Angeles Chargers,Minnesota Vikings,24,16,LAC,MIN,20,27,0,7.0,7.0,0,0,,,,
401326475,2021-11-14,2021,10,regular,Denver Broncos,Philadelphia Eagles,7,21,DEN,PHI,13,30,0,7.0,7.0,0,0,,,,
401326476,2021-11-14,2021,10,regular,Green Bay Packers,Seattle Seahawks,9,26,GB,SEA,17,0,1,7.0,14.0,0,0,,,,
401326477,2021-11-15,2021,10,regular,Las Vegas Raiders,Kansas City Chiefs,13,12,LV,KC,14,41,0,8.0,8.0,1,0,,,,
401326478,2021-11-16,2021,10,regular,San Francisco 49ers,Los Angeles Rams,25,14,SF,LAR,31,10,1,9.0,8.0,1,0,,,,
401326479,2021-11-19,2021,11,regular,Atlanta Falcons,New England Patriots,1,17,ATL,NE,0,25,0,5.0,5.0,0,0,,,,
401326480,2021-11-21,2021,11,regular,Buffalo Bills,Indianapolis Colts,2,11,BUF,IND,15,41,0,7.0,7.0,0,0,,,,
401326481,2021-11-21,2021,11,regular,Carolina Panthers,Washington,29,28,CAR,WSH,21,27,0,7.0,7.0,0,0,,,,
401326482,2021-11-21,2021,11,regular,Chicago Bears,Baltimore Ravens,3,33,CHI,BAL,13,16,0,12.0,9.0,0,0,,,,
401326483,2021-11-21,2021,11,regular,Cleveland Browns,Detroit Lions,5,8,CLE,DET,13,10,1,7.0,21.0,0,0,,,,
401326484,2021-11-21,2021,11,regular,Jacksonville Jaguars,San Francisco 49ers,30,25,JAX,SF,10,30,0,7.0,5.0,0,0,,,,
401326485,2021-11-21,2021,11,regular,Minnesota Vikings,Green Bay Packers,16,9,MIN,GB,34,31,1,7.0,7.0,1,0,,,,
401326486,2021-11-21,2021,11,regular,New York Jets,Miami Dolphins,20,15,NYJ,MIA,17,24,0,7.0,9.0,1,0,,,,
401326487,2021-11-21,2021,11,regular,Philadelphia Eagles,New Orleans Saints,21,18,PHI,NO,40,29,1,7.0,7.0,0,0,,,,
401326488,2021-11-21,2021,11,regular,Tennessee Titans,Houston Texans,10,34,TEN,HOU,13,22,0,7.0,14.0,1,0,,,,
401326489,2021-11-21,2021,11,regular,Las Vegas Raiders,Cincinnati Bengals,13,4,LV,CIN,13,32,0,6.0,14.0,0,0,,,,
401326490,2021-11-21,2021,11,regular,Kansas City Chiefs,Dallas Cowboys,12,6,KC,DAL,19,9,1,6.0,7.0,0,0,,,,
401326491,2021-11-21,2021,11,regular,Seattle Seahawks,Arizona Cardinals,26,22,SEA,ARI,13,23,0,7.0,7.0,1,0,,,,
401326492,2021-11-22,2021,11,regular,Los Angeles Chargers,Pittsburgh Steelers,24,23,LAC,PIT,41,37,1,8.0,13.0,0,0,,,,
401326493,2021-11-23,2021,11,regular,Tampa Bay Buccaneers,New York Giants,27,19,TB,NYG,30,10,1,9.0,16.0,0,0,,,,
401326494,2021-11-25,2021,12,regular,Detroit Lions,Chicago Bears,8,3,DET,CHI,14,16,0,4.0,4.0,1,0,,,,
401326495,2021-11-25,2021,12,regular,Dallas Cowboys,Las Vegas Raiders,6,13,DAL,LV,33,36,0,4.0,4.0,0,0,,,,
401326496,2021-11-26,2021,12,regular,New Orleans Saints,Buffalo Bills,18,2,NO,BUF,6,31,0,5.0,5.0,0,0,,,,
401326497,2021-11-28,2021,12,regular,Cincinnati Bengals,Pittsburgh Steelers,4,23,CIN,PIT,41,10,1,7.0,6.0,1,0,,,,
401326498,2021-11-28,2021,12,regular,Houston Texans,New York Jets,34,20,HOU,NYJ,14,21,0,7.0,7.0,0,0,,,,
401326499,2021-11-28,2021,12,regular,Indianapolis Colts,Tampa Bay Buccaneers,11,27,IND,TB,31,38,0,7.0,5.0,0,0,,,,
401326500,2021-11-28,2021,12,regular,Jacksonville Jaguars,Atlanta Falcons,30,1,JAX,ATL,14,21,0,7.0,9.0,0,0,,,,
401326501,2021-11-28,2021,12,regular,Miami Dolphins,Carolina Panthers,15,29,MIA,CAR,33,10,1,7.0,7.0,0,0,,,,
401326502,2021-11-28,2021,12,regular,New England Patriots,Tennessee Titans,17,10,NE,TEN,36,13,1,9.0,7.0,0,0,,,,
401326503,2021-11-28,2021,12,regular,New York Giants,Philadelphia Eagles,19,21,NYG,PHI,13,7,1,5.0,7.0,1,0,,,,
401326504,2021-11-28,2021,12,regular,Denver Broncos,Los Angeles Chargers,7,24,DEN,LAC,28,13,1,14.0,6.0,1,0,,,,
401326505,2021-11-28,2021,12,regular,Green Bay Packers,Los Angeles Rams,9,14,GB,LAR,36,28,1,7.0,12.0,0,0,,,,
401326506,2021-11-28,2021,12,regular,San Francisco 49ers,Minnesota Vikings,25,16,SF,MIN,34,26,1,7.0,7.0,0,0,,,,
401326507,2021-11-29,2021,12,regular,Baltimore Ravens,Cleveland Browns,33,5,BAL,CLE,16,10,1,8.0,8.0,1,0,,,,
401326508,2021-11-30,2021,12,regular,Washington,Seattle Seahawks,28,26,WSH,SEA,17,15,1,9.0,9.0,0,0,,,,
401326509,2021-12-03,2021,13,regular,New Orleans Saints,Dallas Cowboys,18,6,NO,DAL,17,27,0,7.0,8.0,0,0,,,,
401326510,2021-12-05,2021,13,regular,Atlanta Falcons,Tampa Bay Buccaneers,1,27,ATL,TB,17,30,0,7.0,7.0,1,0,,,,
401326511,2021-12-05,2021,13,regular,Chicago Bears,Arizona Cardinals,3,22,CHI,ARI,22,33,0,10.0,14.0,0,0,,,,
401326512,2021-12-05,2021,13,regular,Cincinnati Bengals,Los Angeles Chargers,4,24,CIN,LAC,22,41,0,7.0,7.0,0,0,,,,
401326513,2021-12-05,2021,13,regular,Detroit Lions,Minnesota Vikings,8,16,DET,MIN,29,27,1,10.0,7.0,1,0,,,,
401326514,2021-12-05,2021,13,regular,Houston Texans,Indianapolis Colts,34,11,HOU,IND,0,31,0,7.0,7.0,1,0,,,,
401326516,2021-12-05,2021,13,regular,Miami Dolphins,New York Giants,15,19,MIA,NYG,20,9,1,7.0,7.0,0,0,,,,
401326517,2021-12-05,2021,13,regular,New York Jets,Philadelphia Eagles,20,21,NYJ,PHI,18,33,0,7.0,7.0,0,0,,,,
401326518,2021-12-05,2021,13,regular,Las Vegas Raiders,Washington,13,28,LV,WSH,15,17,0,10.0,5.0,0,0,,,,
401326519,2021-12-05,2021,13,regular,Los Angeles Rams,Jacksonville Jaguars,14,30,LAR,JAX,37,7,1,7.0,7.0,0,0,,,,
401326520,2021-12-05,2021,13,regular,Pittsburgh Steelers,Baltimore Ravens,23,33,PIT,BAL,20,19,1,7.0,6.0,1,0,,,,
401326521,2021-12-05,2021,13,regular,Seattle Seahawks,San Francisco 49ers,26,25,SEA,SF,30,23,1,5.0,7.0,1,0,,,,
401326515,2021-12-06,2021,13,regular,Kansas City Chiefs,Denver Broncos,12,7,KC,DEN,22,9,1,15.0,8.0,1,0,,,,
401326522,2021-12-07,2021,13,regular,Buffalo Bills,New England Patriots,2,17,BUF,NE,10,14,0,11.0,9.0,1,0,,,,
401326523,2021-12-10,2021,14,regular,Minnesota Vikings,Pittsburgh Steelers,16,23,MIN,PIT,36,28,1,5.0,5.0,0,0,,,,
401326524,2021-12-12,2021,14,regular,Carolina Panthers,Atlanta Falcons,29,1,CAR,ATL,21,29,0,14.0,7.0,1,0,,,,
401326525,2021-12-12,2021,14,regular,Cincinnati Bengals,San Francisco 49ers,4,25,CIN,SF,23,26,0,7.0,7.0,0,0,,,,
401326526,2021-12-12,2021,14,regular,Cleveland Browns,Baltimore Ravens,5,33,CLE,BAL,24,22,1,13.0,7.0,1,0,,,,
401326527,2021-12-12,2021,14,regular,Houston Texans,Seattle Seahawks,34,26,HOU,SEA,13,33,0,7.0,7.0,0,0,,,,
401326528,2021-12-12,2021,14,regular,Kansas City Chiefs,Las Vegas Raiders,12,13,KC,LV,48,9,1,6.0,7.0,1,0,,,,
401326529,2021-12-12,2021,14,regular,New York Jets,New Orleans Saints,20,18,NYJ,NO,9,30,0,7.0,9.0,0,0,,,,
401326530,2021-12-12,2021,14,regular,Tennessee Titans,Jacksonville Jaguars,10,30,TEN,JAX,20,0,1,14.0,7.0,1,0,,,,
401326531,2021-12-12,2021,14,regular,Washington,Dallas Cowboys,28,6,WSH,DAL,20,27,0,7.0,9.0,1,0,,,,
401326532,2021-12-12,2021,14,regular,Denver Broncos,Detroit Lions,7,8,DEN,DET,38,10,1,6.0,7.0,0,0,,,,
401326533,2021-12-12,2021,14,regular,Los Angeles Chargers,New York Giants,24,19,LAC,NYG,37,21,1,7.0,7.0,0,0,,,,
401326534,2021-12-12,2021,14,regular,Tampa Bay Buccaneers,Buffalo Bills,27,2,TB,BUF,33,27,1,7.0,5.0,0,0,,,,
401326535,2021-12-13,2021,14,regular,Green Bay Packers,Chicago Bears,9,3,GB,CHI,45,30,1,15.0,8.0,1,0,,,,
401326536,2021-12-14,2021,14,regular,Arizona Cardinals,Los Angeles Rams,22,14,ARI,LAR,23,30,0,9.0,9.0,1,0,,,,
401326537,2021-12-17,2021,15,regular,Los Angeles Chargers,Kansas City Chiefs,24,12,LAC,KC,28,34,0,5.0,5.0,1,0,,,,
401326538,2021-12-19,2021,15,regular,Buffalo Bills,Carolina Panthers,2,29,BUF,CAR,31,14,1,7.0,7.0,0,0,,,,
401326540,2021-12-19,2021,15,regular,Indianapolis Colts,New England Patriots,11,17,IND,NE,27,17,1,14.0,12.0,0,0,,,,
401326541,2021-12-19,2021,15,regular,Miami Dolphins,New York Jets,15,20,MIA,NYJ,31,24,1,14.0,7.0,1,0,,,,
401326543,2021-12-19,2021,15,regular,Baltimore Ravens,Green Bay Packers,33,9,BAL,GB,30,31,0,7.0,6.0,0,0,,,,
401326544,2021-12-19,2021,15,regular,Detroit Lions,Arizona Cardinals,8,22,DET,ARI,30,12,1,7.0,5.0,0,0,,,,
401326545,2021-12-19,2021,15,regular,Jacksonville Jaguars,Houston Texans,30,34,JAX,HOU,16,30,0,7.0,7.0,1,0,,,,
401326546,2021-12-19,2021,15,regular,New York Giants,Dallas Cowboys,19,6,NYG,DAL,6,21,0,7.0,7.0,1,0,,,,
401326547,2021-12-19,2021,15,regular,Pittsburgh Steelers,Tennessee Titans,23,10,PIT,TEN,19,13,1,9.0,7.0,0,0,,,,
401326548,2021-12-19,2021,15,regular,Denver Broncos,Cincinnati Bengals,7,4,DEN,CIN,10,15,0,7.0,7.0,0,0,,,,
401326549,2021-12-19,2021,15,regular,San Francisco 49ers,Atlanta Falcons,25,1,SF,ATL,31,13,1,7.0,7.0,0,0,,,,
401326539,2021-12-20,2021,15,regular,Cleveland Browns,Las Vegas Raiders,5,13,CLE,LV,14,16,0,8.0,8.0,0,0,,,,
401326551,2021-12-20,2021,15,regular,Tampa Bay Buccaneers,New Orleans Saints,27,18,TB,NO,0,9,0,8.0,8.0,1,0,,,,
401326552,2021-12-21,2021,15,regular,Chicago Bears,Minnesota Vikings,3,16,CHI,MIN,9,17,0,8.0,11.0,1,0,,,,
401326542,2021-12-22,2021,15,regular,Philadelphia Eagles,Washington,21,28,PHI,WSH,27,17,1,17.0,10.0,1,0,,,,
401326550,2021-12-22,2021,15,regular,Los Angeles Rams,Seattle Seahawks,14,26,LAR,SEA,20,10,1,8.0,10.0,1,0,,,,
401326553,2021-12-24,2021,16,regular,Tennessee Titans,San Francisco 49ers,10,25,TEN,SF,20,17,1,5.0,5.0,0,0,,,,
401326554,2021-12-25,2021,16,regular,Green Bay Packers,Cleveland Browns,9,5,GB,CLE,24,22,1,6.0,5.0,0,0,,,,
401326555,2021-12-26,2021,16,regular,Arizona Cardinals,Indianapolis Colts,22,11,ARI,IND,16,22,0,7.0,7.0,0,0,,,,
401326556,2021-12-26,2021,16,regular,Atlanta Falcons,Detroit Lions,1,8,ATL,DET,20,16,1,7.0,7.0,0,0,,,,
401326557,2021-12-26,2021,16,regular,Carolina Panthers,Tampa Bay Buccaneers,29,27,CAR,TB,6,32,0,7.0,6.0,1,0,,,,
401326558,2021-12-26,2021,16,regular,Cincinnati Bengals,Baltimore Ravens,4,33,CIN,BAL,41,21,1,7.0,7.0,1,0,,,,
401326559,2021-12-26,2021,16,regular,Houston Texans,Los Angeles Chargers,34,24,HOU,LAC,41,29,1,7.0,9.0,0,0,,,,
401326560,2021-12-26,2021,16,regular,Minnesota Vikings,Los Angeles Rams,16,14,MIN,LAR,23,30,0,5.0,4.0,0,0,,,,
401326561,2021-12-26,2021,16,regular,New England Patriots,Buffalo Bills,17,2,NE,BUF,21,33,0,7.0,7.0,1,0,,,,
401326562,2021-12-26,2021,16,regular,New York Jets,Jacksonville Jaguars,20,30,NYJ,JAX,26,21,1,7.0,7.0,0,0,,,,
401326563,2021-12-26,2021,16,regular,Philadelphia Eagles,New York Giants,21,19,PHI,NYG,34,10,1,4.0,7.0,1,0,,,,
401326564,2021-12-26,2021,16,regular,Seattle Seahawks,Chicago Bears,26,3,SEA,CHI,24,25,0,4.0,5.0,0,0,,,,
401326565,2021-12-26,2021,16,regular,Kansas City Chiefs,Pittsburgh Steelers,12,23,KC,PIT,36,10,1,9.0,7.0,0,0,,,,
401326566,2021-12-26,2021,16,regular,Las Vegas Raiders,Denver Broncos,13,7,LV,DEN,17,13,1,6.0,7.0,1,0,,,,
401326567,2021-12-27,2021,16,regular,Dallas Cowboys,Washington,6,28,DAL,WSH,56,14,1,8.0,5.0,1,0,,,,
401326568,2021-12-28,2021,16,regular,New Orleans Saints,Miami Dolphins,18,15,NO,MIA,3,20,0,8.0,9.0,0,0,,,,
401326569,2022-01-02,2021,17,regular,Buffalo Bills,Atlanta Falcons,2,1,BUF,ATL,29,15,1,7.0,7.0,0,0,,,,
401326570,2022-01-02,2021,17,regular,Chicago Bears,New York Giants,3,19,CHI,NYG,29,3,1,7.0,7.0,0,0,,,,
401326571,2022-01-02,2021,17,regular,Cincinnati Bengals,Kansas City Chiefs,4,12,CIN,KC,34,31,1,7.0,7.0,0,0,,,,
401326572,2022-01-02,2021,17,regular,Dallas Cowboys,Arizona Cardinals,6,22,DAL,ARI,22,25,0,6.0,7.0,0,0,,,,
401326573,2022-01-02,2021,17,regular,Indianapolis Colts,Las Vegas Raiders,11,13,IND,LV,20,23,0,7.0,7.0,0,0,,,,
401326574,2022-01-02,2021,17,regular,New England Patriots,Jacksonville Jaguars,17,30,NE,JAX,50,10,1,7.0,7.0,0,0,,,,
401326575,2022-01-02,2021,17,regular,New Orleans Saints,Carolina Panthers,18,29,NO,CAR,18,10,1,5.0,7.0,1,0,,,,
401326576,2022-01-02,2021,17,regular,New York Jets,Tampa Bay Buccaneers,20,27,NYJ,TB,24,28,0,7.0,7.0,0,0,,,,
401326577,2022-01-02,2021,17,regular,Tennessee Titans,Miami Dolphins,10,15,TEN,MIA,34,3,1,9.0,5.0,0,0,,,,
401326578,2022-01-02,2021,17,regular,Washington,Philadelphia Eagles,28,21,WSH,PHI,16,20,0,6.0,7.0,1,0,,,,
401326579,2022-01-02,2021,17,regular,Los Angeles Chargers,Denver Broncos,24,7,LAC,DEN,34,13,1,7.0,7.0,1,0,,,,
401326580,2022-01-02,2021,17,regular,San Francisco 49ers,Houston Texans,25,34,SF,HOU,23,7,1,9.0,7.0,0,0,,,,
401326581,2022-01-02,2021,17,regular,Baltimore Ravens,Los Angeles Rams,33,14,BAL,LAR,19,20,0,7.0,7.0,0,0,,,,
401326582,2022-01-02,2021,17,regular,Seattle Seahawks,Detroit Lions,26,8,SEA,DET,51,29,1,7.0,7.0,0,0,,,,
401326583,2022-01-03,2021,17,regular,Green Bay Packers,Minnesota Vikings,9,16,GB,MIN,37,10,1,9.0,8.0,1,0,,,,
401326584,2022-01-04,2021,17,regular,Pittsburgh Steelers,Cleveland Browns,23,5,PIT,CLE,26,14,1,9.0,10.0,1,0,,,,
401326598,2022-01-08,2021,18,regular,Denver Broncos,Kansas City Chiefs,7,12,DEN,KC,24,28,0,6.0,6.0,1,0,,,,
401326585,2022-01-09,2021,18,regular,Atlanta Falcons,New Orleans Saints,1,18,ATL,NO,20,30,0,7.0,7.0,1,0,,,,
401326586,2022-01-09,2021,18,regular,Baltimore Ravens,Pittsburgh Steelers,33,23,BAL,PIT,13,16,0,7.0,5.0,1,0,,,,
401326587,2022-01-09,2021,18,regular,Buffalo Bills,New York Jets,2,20,BUF,NYJ,27,10,1,7.0,7.0,1,0,,,,
401326588,2022-01-09,2021,18,regular,Cleveland Browns,Cincinnati Bengals,5,4,CLE,CIN,21,16,1,5.0,7.0,1,0,,,,
401326589,2022-01-09,2021,18,regular,Detroit Lions,Green Bay Packers,8,9,DET,GB,37,30,1,7.0,6.0,1,0,,,,
401326590,2022-01-09,2021,18,regular,Houston Texans,Tennessee Titans,34,10,HOU,TEN,25,28,0,7.0,7.0,1,0,,,,
401326591,2022-01-09,2021,18,regular,Jacksonville Jaguars,Indianapolis Colts,30,11,JAX,IND,26,11,1,7.0,7.0,1,0,,,,
401326592,2022-01-09,2021,18,regular,Miami Dolphins,New England Patriots,15,17,MIA,NE,33,24,1,7.0,7.0,1,0,,,,
401326593,2022-01-09,2021,18,regular,Minnesota Vikings,Chicago Bears,16,3,MIN,CHI,31,17,1,6.0,7.0,1,0,,,,
401326594,2022-01-09,2021,18,regular,New York Giants,Washington,19,28,NYG,WSH,7,22,0,7.0,7.0,1,0,,,,
401326595,2022-01-09,2021,18,regular,Philadelphia Eagles,Dallas Cowboys,21,6,PHI,DAL,26,51,0,7.0,7.0,1,0,,,,
401326596,2022-01-09,2021,18,regular,Tampa Bay Buccaneers,Carolina Panthers,27,29,TB,CAR,41,17,1,7.0,7.0,1,0,,,,
401326597,2022-01-09,2021,18,regular,Arizona Cardinals,Seattle Seahawks,22,26,ARI,SEA,30,38,0,7.0,7.0,1,0,,,,
401326599,2022-01-09,2021,18,regular,Los Angeles Rams,San Francisco 49ers,14,25,LAR,SF,24,27,0,7.0,7.0,1,0,,,,
401326600,2022-01-10,2021,18,regular,Las Vegas Raiders,Los Angeles Chargers,13,24,LV,LAC,35,32,1,8.0,8.0,1,0,,,,
401437964,2022-08-05,2022,1,preseason,Las Vegas Raiders,Jacksonville Jaguars,13,30,LV,JAX,27,11,1,7.0,7.0,0,1,,,,
401437967,2022-08-11,2022,2,preseason,Baltimore Ravens,Tennessee Titans,33,10,BAL,TEN,23,10,1,7.0,7.0,0,0,,,,
401439619,2022-08-11,2022,2,preseason,New England Patriots,New York Giants,17,19,NE,NYG,21,23,0,7.0,7.0,0,0,,,,
401437965,2022-08-12,2022,2,preseason,Jacksonville Jaguars,Cleveland Browns,30,5,JAX,CLE,13,24,0,7.0,7.0,0,0,,,,
401437970,2022-08-12,2022,2,preseason,Philadelphia Eagles,New York Jets,21,20,PHI,NYJ,21,24,0,7.0,7.0,0,0,,,,
401439661,2022-08-12,2022,2,preseason,Cincinnati Bengals,Arizona Cardinals,4,22,CIN,ARI,23,36,0,7.0,7.0,0,0,,,,
401441652,2022-08-12,2022,2,preseason,Detroit Lions,Atlanta Falcons,8,1,DET,ATL,23,27,0,7.0,7.0,0,0,,,,
401437979,2022-08-13,2022,2,preseason,Chicago Bears,Kansas City Chiefs,3,12,CHI,KC,19,14,1,7.0,7.0,0,0,,,,
401437997,2022-08-13,2022,2,preseason,Pittsburgh Steelers,Seattle Seahawks,23,26,PIT,SEA,32,25,1,7.0,7.0,0,0,,,,
401438010,2022-08-13,2022,2,preseason,Buffalo Bills,Indianapolis Colts,2,11,BUF,IND,27,24,1,7.0,7.0,0,0,,,,
401438013,2022-08-13,2022,2,preseason,Tampa Bay Buccaneers,Miami Dolphins,27,15,TB,MIA,24,26,0,7.0,7.0,0,0,,,,
401440370,2022-08-13,2022,2,preseason,San Francisco 49ers,Green Bay Packers,25,9,SF,GB,28,21,1,7.0,7.0,0,0,,,,
401440372,2022-08-13,2022,2,preseason,Washington Commanders,Carolina Panthers,28,29,WSH,CAR,21,23,0,7.0,7.0,0,0,,,,
401438174,2022-08-14,2022,2,preseason,Denver Broncos,Dallas Cowboys,7,6,DEN,DAL,17,7,1,7.0,7.0,0,0,,,,
401438178,2022-08-14,2022,2,preseason,Los Angeles Chargers,Los Angeles Rams,24,14,LAC,LAR,22,29,0,7.0,7.0,0,0,,,,
401438410,2022-08-14,2022,2,preseason,Houston Texans,New Orleans Saints,34,18,HOU,NO,17,13,1,7.0,7.0,0,0,,,,
401439621,2022-08-14,2022,2,preseason,Las Vegas Raiders,Minnesota Vikings,13,16,LV,MIN,26,20,1,9.0,7.0,0,0,,,,
401437976,2022-08-19,2022,3,preseason,Seattle Seahawks,Chicago Bears,26,3,SEA,CHI,11,27,0,6.0,6.0,0,0,,,,
401439620,2022-08-19,2022,3,preseason,New England Patriots,Carolina Panthers,17,29,NE,CAR,20,10,1,8.0,6.0,0,0,,,,
401437966,2022-08-20,2022,3,preseason,Jacksonville Jaguars,Pittsburgh Steelers,30,23,JAX,PIT,15,16,0,8.0,7.0,0,0,,,,
401438011,2022-08-20,2022,3,preseason,Indianapolis Colts,Detroit Lions,11,8,IND,DET,26,27,0,7.0,8.0,0,0,,,,
401438014,2022-08-20,2022,3,preseason,Miami Dolphins,Las Vegas Raiders,15,13,MIA,LV,13,15,0,7.0,6.0,0,0,,,,
401438411,2022-08-20,2022,3,preseason,Buffalo Bills,Denver Broncos,2,7,BUF,DEN,42,15,1,7.0,6.0,0,0,,,,
401439623,2022-08-20,2022,3,preseason,Tennessee Titans,Tampa Bay Buccaneers,10,27,TEN,TB,13,3,1,9.0,7.0,0,0,,,,
401441316,2022-08-20,2022,3,preseason,Minnesota Vikings,San Francisco 49ers,16,25,MIN,SF,7,17,0,6.0,7.0,0,0,,,,
401441650,2022-08-20,2022,3,preseason,Kansas City Chiefs,Washington Commanders,12,28,KC,WSH,24,14,1,7.0,7.0,0,0,,,,
401441653,2022-08-20,2022,3,preseason,Los Angeles Rams,Houston Texans,14,34,LAR,HOU,20,24,0,6.0,6.0,0,0,,,,
401441810,2022-08-20,2022,3,preseason,Green Bay Packers,New Orleans Saints,9,18,GB,NO,20,10,1,7.0,6.0,0,0,,,,
401437971,2022-08-21,2022,3,preseason,Cleveland Browns,Philadelphia Eagles,5,21,CLE,PHI,20,21,0,9.0,9.0,0,0,,,,
401438175,2022-08-21,2022,3,preseason,Los Angeles Chargers,Dallas Cowboys,24,6,LAC,DAL,18,32,0,7.0,7.0,0,0,,,,
401441317,2022-08-21,2022,3,preseason,New York Giants,Cincinnati Bengals,19,4,NYG,CIN,25,22,1,10.0,9.0,0,0,,,,
401437968,2022-08-22,2022,3,preseason,Arizona Cardinals,Baltimore Ravens,22,33,ARI,BAL,17,24,0,10.0,11.0,0,0,,,,
401437688,2022-08-23,2022,3,preseason,New York Jets,Atlanta Falcons,20,1,NYJ,ATL,24,16,1,11.0,11.0,0,0,,,,
401437977,2022-08-26,2022,4,preseason,Houston Texans,San Francisco 49ers,34,25,HOU,SF,17,0,1,6.0,6.0,0,0,,,,
401439618,2022-08-26,2022,4,preseason,Carolina Panthers,Buffalo Bills,29,2,CAR,BUF,21,0,1,7.0,6.0,0,0,,,,
401441651,2022-08-26,2022,4,preseason,Kansas City Chiefs,Green Bay Packers,12,9,KC,GB,17,10,1,6.0,6.0,0,0,,,,
401437969,2022-08-27,2022,4,preseason,Baltimore Ravens,Washington Commanders,33,28,BAL,WSH,17,15,1,5.0,7.0,0,0,,,,
401437972,2022-08-27,2022,4,preseason,Miami Dolphins,Philadelphia Eagles,15,21,MIA,PHI,48,10,1,7.0,6.0,0,0,,,,
401437974,2022-08-27,2022,4,preseason,Cleveland Browns,Chicago Bears,5,3,CLE,CHI,20,21,0,6.0,8.0,0,0,,,,
401438012,2022-08-27,2022,4,preseason,Indianapolis Colts,Tampa Bay Buccaneers,11,27,IND,TB,27,10,1,7.0,7.0,0,0,,,,
401439230,2022-08-27,2022,4,preseason,Dallas Cowboys,Seattle Seahawks,6,26,DAL,SEA,27,26,1,6.0,8.0,0,0,,,,
401439411,2022-08-27,2022,4,preseason,Atlanta Falcons,Jacksonville Jaguars,1,30,ATL,JAX,28,12,1,4.0,7.0,0,0,,,,
401439622,2022-08-27,2022,4,preseason,Las Vegas Raiders,New England Patriots,13,17,LV,NE,23,6,1,7.0,8.0,0,0,,,,
401439624,2022-08-27,2022,4,preseason,Tennessee Titans,Arizona Cardinals,10,22,TEN,ARI,26,23,1,7.0,5.0,0,0,,,,
401440371,2022-08-27,2022,4,preseason,Cincinnati Bengals,Los Angeles Rams,4,14,CIN,LAR,16,7,1,6.0,7.0,0,0,,,,
401441916,2022-08-27,2022,4,preseason,New Orleans Saints,Los Angeles Chargers,18,24,NO,LAC,27,10,1,7.0,6.0,0,0,,,,
401437975,2022-08-28,2022,4,preseason,Pittsburgh Steelers,Detroit Lions,23,8,PIT,DET,19,9,1,8.0,8.0,0,0,,,,
401438176,2022-08-28,2022,4,preseason,Denver Broncos,Minnesota Vikings,7,16,DEN,MIN,23,13,1,8.0,8.0,0,0,,,,
401438179,2022-08-28,2022,4,preseason,New York Jets,New York Giants,20,19,NYJ,NYG,31,27,1,5.0,7.0,0,0,,,,
401437654,2022-09-09,2022,1,regular,Los Angeles Rams,Buffalo Bills,14,2,LAR,BUF,10,31,0,13.0,14.0,0,0,,,,
401437630,2022-09-11,2022,1,regular,Miami Dolphins,New England Patriots,15,17,MIA,NE,20,7,1,15.0,15.0,1,0,,,,
401437632,2022-09-11,2022,1,regular,New York Jets,Baltimore Ravens,20,33,NYJ,BAL,9,24,0,14.0,15.0,0,0,,,,
401437634,2022-09-11,2022,1,regular,Cincinnati Bengals,Pittsburgh Steelers,4,23,CIN,PIT,20,23,0,15.0,14.0,1,0,,,,
401437640,2022-09-11,2022,1,regular,Tennessee Titans,New York Giants,10,19,TEN,NYG,20,21,0,15.0,14.0,0,0,,,,
401437643,2022-09-11,2022,1,regular,Los Angeles Chargers,Las Vegas Raiders,24,13,LAC,LV,24,19,1,15.0,15.0,1,0,,,,
401437646,2022-09-11,2022,1,regular,Washington Commanders,Jacksonville Jaguars,28,30,WSH,JAX,28,22,1,15.0,15.0,0,0,,,,
401437647,2022-09-11,2022,1,regular,Chicago Bears,San Francisco 49ers,3,25,CHI,SF,19,10,1,15.0,16.0,0,0,,,,
401437648,2022-09-11,2022,1,regular,Detroit Lions,Philadelphia Eagles,8,21,DET,PHI,35,38,0,14.0,15.0,0,0,,,,
401437649,2022-09-11,2022,1,regular,Minnesota Vikings,Green Bay Packers,16,9,MIN,GB,23,7,1,14.0,16.0,1,0,,,,
401437650,2022-09-11,2022,1,regular,Atlanta Falcons,New Orleans Saints,1,18,ATL,NO,26,27,0,15.0,15.0,1,0,,,,
401437651,2022-09-11,2022,1,regular,Carolina Panthers,Cleveland Browns,29,5,CAR,CLE,24,26,0,16.0,15.0,0,0,,,,
401437653,2022-09-11,2022,1,regular,Arizona Cardinals,Kansas City Chiefs,22,12,ARI,KC,21,44,0,15.0,16.0,0,0,,,,
401437644,2022-09-12,2022,1,regular,Dallas Cowboys,Tampa Bay Buccaneers,6,27,DAL,TB,3,19,0,16.0,16.0,0,0,,,,
401437655,2022-09-13,2022,1,regular,Seattle Seahawks,Denver Broncos,26,7,SEA,DEN,17,16,1,17.0,16.0,0,0,,,,
401434030,2022-09-16,2022,2,regular,Kansas City Chiefs,Los Angeles Chargers,12,24,KC,LAC,27,24,1,5.0,5.0,1,0,,,,
401437605,2022-09-18,2022,2,regular,San Francisco 49ers,Seattle Seahawks,25,26,SF,SEA,27,7,1,7.0,5.0,1,0,,,,
401437633,2022-09-18,2022,2,regular,Baltimore Ravens,Miami Dolphins,33,15,BAL,MIA,38,42,0,7.0,7.0,0,0,,,,
401437635,2022-09-18,2022,2,regular,Cleveland Browns,New York Jets,5,20,CLE,NYJ,30,31,0,7.0,7.0,0,0,,,,
401437636,2022-09-18,2022,2,regular,Pittsburgh Steelers,New England Patriots,23,17,PIT,NE,14,17,0,7.0,7.0,0,0,,,,
401437639,2022-09-18,2022,2,regular,Jacksonville Jaguars,Indianapolis Colts,30,11,JAX,IND,24,0,1,7.0,7.0,1,0,,,,
401437641,2022-09-18,2022,2,regular,Denver Broncos,Houston Texans,7,34,DEN,HOU,16,9,1,5.0,7.0,0,0,,,,
401437642,2022-09-18,2022,2,regular,Las Vegas Raiders,Arizona Cardinals,13,22,LV,ARI,23,29,0,7.0,7.0,0,0,,,,
401437645,2022-09-18,2022,2,regular,New York Giants,Carolina Panthers,19,29,NYG,CAR,19,16,1,7.0,7.0,0,0,,,,
401437652,2022-09-18,2022,2,regular,New Orleans Saints,Tampa Bay Buccaneers,18,27,NO,TB,10,20,0,7.0,6.0,1,0,,,,
401437732,2022-09-18,2022,2,regular,Detroit Lions,Washington Commanders,8,28,DET,WSH,36,27,1,7.0,7.0,0,0,,,,
401437733,2022-09-18,2022,2,regular,Los Angeles Rams,Atlanta Falcons,14,1,LAR,ATL,31,27,1,9.0,7.0,0,0,,,,
401437734,2022-09-18,2022,2,regular,Dallas Cowboys,Cincinnati Bengals,6,4,DAL,CIN,20,17,1,6.0,7.0,0,0,,,,
401436831,2022-09-19,2022,2,regular,Buffalo Bills,Tennessee Titans,2,10,BUF,TEN,41,7,1,10.0,8.0,0,0,,,,
401437606,2022-09-19,2022,2,regular,Green Bay Packers,Chicago Bears,9,3,GB,CHI,27,10,1,8.0,8.0,1,0,,,,
401436832,2022-09-20,2022,2,regular,Philadelphia Eagles,Minnesota Vikings,21,16,PHI,MIN,24,7,1,9.0,9.0,0,0,,,,
401437735,2022-09-23,2022,3,regular,Cleveland Browns,Pittsburgh Steelers,5,23,CLE,PIT,29,17,1,5.0,5.0,1,0,,,,
401437607,2022-09-25,2022,3,regular,Tampa Bay Buccaneers,Green Bay Packers,27,9,TB,GB,12,14,0,7.0,6.0,0,0,,,,
401437631,2022-09-25,2022,3,regular,New England Patriots,Baltimore Ravens,17,33,NE,BAL,26,37,0,7.0,7.0,0,0,,,,
401437638,2022-09-25,2022,3,regular,Indianapolis Colts,Kansas City Chiefs,11,12,IND,KC,20,17,1,7.0,9.0,0,0,,,,
401437736,2022-09-25,2022,3,regular,Carolina Panthers,New Orleans Saints,29,18,CAR,NO,22,14,1,7.0,7.0,1,0,,,,
401437737,2022-09-25,2022,3,regular,Chicago Bears,Houston Texans,3,34,CHI,HOU,23,20,1,6.0,7.0,0,0,,,,
401437738,2022-09-25,2022,3,regular,Miami Dolphins,Buffalo Bills,15,2,MIA,BUF,21,19,1,7.0,6.0,1,0,,,,
401437739,2022-09-25,2022,3,regular,Minnesota Vikings,Detroit Lions,16,8,MIN,DET,28,24,1,5.0,7.0,1,0,,,,
401437740,2022-09-25,2022,3,regular,New York Jets,Cincinnati Bengals,20,4,NYJ,CIN,12,27,0,7.0,7.0,0,0,,,,
401437741,2022-09-25,2022,3,regular,Tennessee Titans,Las Vegas Raiders,10,13,TEN,LV,24,22,1,6.0,7.0,0,0,,,,
401437742,2022-09-25,2022,3,regular,Washington Commanders,Philadelphia Eagles,28,21,WSH,PHI,8,24,0,7.0,5.0,1,0,,,,
401437743,2022-09-25,2022,3,regular,Los Angeles Chargers,Jacksonville Jaguars,24,30,LAC,JAX,10,38,0,9.0,7.0,0,0,,,,
401437744,2022-09-25,2022,3,regular,Arizona Cardinals,Los Angeles Rams,22,14,ARI,LAR,12,20,0,7.0,7.0,1,0,,,,
401437745,2022-09-25,2022,3,regular,Seattle Seahawks,Atlanta Falcons,26,1,SEA,ATL,23,27,0,7.0,7.0,0,0,,,,
401437746,2022-09-26,2022,3,regular,Denver Broncos,San Francisco 49ers,7,25,DEN,SF,11,10,1,8.0,8.0,0,0,,,,
401437747,2022-09-27,2022,3,regular,New York Giants,Dallas Cowboys,19,6,NYG,DAL,16,23,0,9.0,9.0,1,0,,,,
401437748,2022-09-30,2022,4,regular,Cincinnati Bengals,Miami Dolphins,4,15,CIN,MIA,27,15,1,5.0,5.0,0,0,,,,
401435639,2022-10-02,2022,4,regular,New Orleans Saints,Minnesota Vikings,18,16,NO,MIN,25,28,0,7.0,7.0,0,1,,,,
401437749,2022-10-02,2022,4,regular,Atlanta Falcons,Cleveland Browns,1,5,ATL,CLE,23,20,1,7.0,9.0,0,0,,,,
401437750,2022-10-02,2022,4,regular,Baltimore Ravens,Buffalo Bills,33,2,BAL,BUF,20,23,0,7.0,7.0,0,0,,,,
401437751,2022-10-02,2022,4,regular,Dallas Cowboys,Washington Commanders,6,28,DAL,WSH,25,10,1,5.0,7.0,1,0,,,,
401437752,2022-10-02,2022,4,regular,Detroit Lions,Seattle Seahawks,8,26,DET,SEA,45,48,0,7.0,7.0,0,0,,,,
401437753,2022-10-02,2022,4,regular,Houston Texans,Los Angeles Chargers,34,24,HOU,LAC,24,34,0,7.0,7.0,0,0,,,,
401437754,2022-10-02,2022,4,regular,Indianapolis Colts,Tennessee Titans,11,10,IND,TEN,17,24,0,7.0,7.0,1,0,,,,
401437755,2022-10-02,2022,4,regular,New York Giants,Chicago Bears,19,3,NYG,CHI,20,12,1,5.0,7.0,0,0,,,,
401437756,2022-10-02,2022,4,regular,Philadelphia Eagles,Jacksonville Jaguars,21,30,PHI,JAX,29,21,1,7.0,7.0,0,0,,,,
401437757,2022-10-02,2022,4,regular,Pittsburgh Steelers,New York Jets,23,20,PIT,NYJ,20,24,0,9.0,7.0,0,0,,,,
401437758,2022-10-02,2022,4,regular,Carolina Panthers,Arizona Cardinals,29,22,CAR,ARI,16,26,0,7.0,7.0,0,0,,,,
401437759,2022-10-02,2022,4,regular,Green Bay Packers,New England Patriots,9,17,GB,NE,27,24,1,7.0,7.0,0,0,,,,
401437760,2022-10-02,2022,4,regular,Las Vegas Raiders,Denver Broncos,13,7,LV,DEN,32,23,1,7.0,6.0,1,0,,,,
401437470,2022-10-03,2022,4,regular,Tampa Bay Buccaneers,Kansas City Chiefs,27,12,TB,KC,31,41,0,8.0,8.0,0,0,,,,
401437761,2022-10-04,2022,4,regular,San Francisco 49ers,Los Angeles Rams,25,14,SF,LAR,24,9,1,8.0,9.0,1,0,,,,
401437762,2022-10-07,2022,5,regular,Denver Broncos,Indianapolis Colts,7,11,DEN,IND,9,12,0,5.0,5.0,0,0,,,,
401435640,2022-10-09,2022,5,regular,Green Bay Packers,New York Giants,9,19,GB,NYG,22,27,0,7.0,7.0,0,1,,,,
401437763,2022-10-09,2022,5,regular,Buffalo Bills,Pittsburgh Steelers,2,23,BUF,PIT,38,3,1,7.0,7.0,0,0,,,,
401437764,2022-10-09,2022,5,regular,Cleveland Browns,Los Angeles Chargers,5,24,CLE,LAC,28,30,0,7.0,7.0,0,0,,,,
401437765,2022-10-09,2022,5,regular,Jacksonville Jaguars,Houston Texans,30,34,JAX,HOU,6,13,0,7.0,7.0,1,0,,,,
401437766,2022-10-09,2022,5,regular,Minnesota Vikings,Chicago Bears,16,3,MIN,CHI,29,22,1,7.0,7.0,1,0,,,,
401437767,2022-10-09,2022,5,regular,New England Patriots,Detroit Lions,17,8,NE,DET,29,0,1,7.0,7.0,0,0,,,,
401437768,2022-10-09,2022,5,regular,New Orleans Saints,Seattle Seahawks,18,26,NO,SEA,39,32,1,7.0,7.0,0,0,,,,
401437769,2022-10-09,2022,5,regular,New York Jets,Miami Dolphins,20,15,NYJ,MIA,40,17,1,7.0,9.0,1,0,,,,
401437770,2022-10-09,2022,5,regular,Tampa Bay Buccaneers,Atlanta Falcons,27,1,TB,ATL,21,15,1,6.0,7.0,1,0,,,,
401437771,2022-10-09,2022,5,regular,Washington Commanders,Tennessee Titans,28,10,WSH,TEN,17,21,0,7.0,7.0,0,0,,,,
401437772,2022-10-09,2022,5,regular,Carolina Panthers,San Francisco 49ers,29,25,CAR,SF,15,37,0,7.0,5.0,0,0,,,,
401437773,2022-10-09,2022,5,regular,Arizona Cardinals,Philadelphia Eagles,22,21,ARI,PHI,17,20,0,7.0,7.0,0,0,,,,
401437774,2022-10-09,2022,5,regular,Los Angeles Rams,Dallas Cowboys,14,6,LAR,DAL,10,22,0,5.0,7.0,0,0,,,,
401437775,2022-10-10,2022,5,regular,Baltimore Ravens,Cincinnati Bengals,33,4,BAL,CIN,19,17,1,8.0,10.0,1,0,,,,
401437776,2022-10-11,2022,5,regular,Kansas City Chiefs,Las Vegas Raiders,12,13,KC,LV,30,29,1,8.0,9.0,1,0,,,,
401437777,2022-10-14,2022,6,regular,Chicago Bears,Washington Commanders,3,28,CHI,WSH,7,12,0,5.0,5.0,0,0,,,,
401437778,2022-10-16,2022,6,regular,Atlanta Falcons,San Francisco 49ers,1,25,ATL,SF,28,14,1,7.0,7.0,0,0,,,,
401437779,2022-10-16,2022,6,regular,Cleveland Browns,New England Patriots,5,17,CLE,NE,15,38,0,7.0,7.0,0,0,,,,
401437780,2022-10-16,2022,6,regular,Green Bay Packers,New York Jets,9,20,GB,NYJ,10,27,0,7.0,7.0,0,0,,,,
401437781,2022-10-16,2022,6,regular,Indianapolis Colts,Jacksonville Jaguars,11,30,IND,JAX,34,27,1,9.0,7.0,1,0,,,,
401437782,2022-10-16,2022,6,regular,Miami Dolphins,Minnesota Vikings,15,16,MIA,MIN,16,24,0,7.0,7.0,0,0,,,,
401437783,2022-10-16,2022,6,regular,New Orleans Saints,Cincinnati Bengals,18,4,NO,CIN,26,30,0,7.0,6.0,0,0,,,,
401437784,2022-10-16,2022,6,regular,New York Giants,Baltimore Ravens,19,33,NYG,BAL,24,20,1,7.0,6.0,0,0,,,,
401437785,2022-10-16,2022,6,regular,Pittsburgh Steelers,Tampa Bay Buccaneers,23,27,PIT,TB,20,18,1,7.0,7.0,0,0,,,,
401437786,2022-10-16,2022,6,regular,Los Angeles Rams,Carolina Panthers,14,29,LAR,CAR,24,10,1,7.0,7.0,0,0,,,,
401437787,2022-10-16,2022,6,regular,Seattle Seahawks,Arizona Cardinals,26,22,SEA,ARI,19,9,1,7.0,7.0,1,0,,,,
401437788,2022-10-16,2022,6,regular,Kansas City Chiefs,Buffalo Bills,12,2,KC,BUF,20,24,0,5.0,7.0,0,0,,,,
401437789,2022-10-17,2022,6,regular,Philadelphia Eagles,Dallas Cowboys,21,6,PHI,DAL,26,17,1,8.0,8.0,1,0,,,,
401437790,2022-10-18,2022,6,regular,Los Angeles Chargers,Denver Broncos,24,7,LAC,DEN,19,16,1,9.0,11.0,1,0,,,,
401437791,2022-10-21,2022,7,regular,Arizona Cardinals,New Orleans Saints,22,18,ARI,NO,42,34,1,5.0,5.0,0,0,,,,
401437792,2022-10-23,2022,7,regular,Baltimore Ravens,Cleveland Browns,33,5,BAL,CLE,23,20,1,7.0,7.0,1,0,,,,
401437793,2022-10-23,2022,7,regular,Carolina Panthers,Tampa Bay Buccaneers,29,27,CAR,TB,21,3,1,7.0,7.0,1,0,,,,
401437794,2022-10-23,2022,7,regular,Cincinnati Bengals,Atlanta Falcons,4,1,CIN,ATL,35,17,1,7.0,7.0,0,0,,,,
401437795,2022-10-23,2022,7,regular,Dallas Cowboys,Detroit Lions,6,8,DAL,DET,24,6,1,6.0,14.0,0,0,,,,
401437796,2022-10-23,2022,7,regular,Jacksonville Jaguars,New York Giants,30,19,JAX,NYG,17,23,0,7.0,7.0,0,0,,,,
401437797,2022-10-23,2022,7,regular,Tennessee Titans,Indianapolis Colts,10,11,TEN,IND,19,10,1,14.0,7.0,1,0,,,,
401437798,2022-10-23,2022,7,regular,Washington Commanders,Green Bay Packers,28,9,WSH,GB,23,21,1,9.0,7.0,0,0,,,,
401437799,2022-10-23,2022,7,regular,Denver Broncos,New York Jets,7,20,DEN,NYJ,9,16,0,5.0,7.0,0,0,,,,
401437800,2022-10-23,2022,7,regular,Las Vegas Raiders,Houston Texans,13,34,LV,HOU,38,20,1,12.0,14.0,0,0,,,,
401437801,2022-10-23,2022,7,regular,Los Angeles Chargers,Seattle Seahawks,24,26,LAC,SEA,23,37,0,5.0,7.0,0,0,,,,
401437802,2022-10-23,2022,7,regular,San Francisco 49ers,Kansas City Chiefs,25,12,SF,KC,23,44,0,7.0,7.0,0,0,,,,
401437803,2022-10-24,2022,7,regular,Miami Dolphins,Pittsburgh Steelers,15,23,MIA,PIT,16,10,1,8.0,8.0,0,0,,,,
401437804,2022-10-25,2022,7,regular,New England Patriots,Chicago Bears,17,3,NE,CHI,14,33,0,9.0,11.0,0,0,,,,
401437805,2022-10-28,2022,8,regular,Tampa Bay Buccaneers,Baltimore Ravens,27,33,TB,BAL,22,27,0,5.0,5.0,0,0,,,,
401435641,2022-10-30,2022,8,regular,Jacksonville Jaguars,Denver Broncos,30,7,JAX,DEN,17,21,0,7.0,7.0,0,1,,,,
401437806,2022-10-30,2022,8,regular,Atlanta Falcons,Carolina Panthers,1,29,ATL,CAR,37,34,1,7.0,7.0,1,0,,,,
401437807,2022-10-30,2022,8,regular,Dallas Cowboys,Chicago Bears,6,3,DAL,CHI,49,29,1,7.0,5.0,0,0,,,,
401437808,2022-10-30,2022,8,regular,Detroit Lions,Miami Dolphins,8,15,DET,MIA,27,31,0,7.0,6.0,0,0,,,,
401437809,2022-10-30,2022,8,regular,Minnesota Vikings,Arizona Cardinals,16,22,MIN,ARI,34,26,1,14.0,9.0,0,0,,,,
401437810,2022-10-30,2022,8,regular,New Orleans Saints,Las Vegas Raiders,18,13,NO,LV,24,0,1,9.0,7.0,0,0,,,,
401437811,2022-10-30,2022,8,regular,New York Jets,New England Patriots,20,17,NYJ,NE,17,22,0,7.0,5.0,1,0,,,,
401437812,2022-10-30,2022,8,regular,Philadelphia Eagles,Pittsburgh Steelers,21,23,PHI,PIT,35,13,1,13.0,6.0,0,0,,,,
401437813,2022-10-30,2022,8,regular,Houston Texans,Tennessee Titans,34,10,HOU,TEN,10,17,0,7.0,7.0,1,0,,,,
401437814,2022-10-30,2022,8,regular,Indianapolis Colts,Washington Commanders,11,28,IND,WSH,16,17,0,7.0,7.0,0,0,,,,
401437815,2022-10-30,2022,8,regular,Los Angeles Rams,San Francisco 49ers,14,25,LAR,SF,14,31,0,14.0,7.0,1,0,,,,
401437816,2022-10-30,2022,8,regular,Seattle Seahawks,New York Giants,26,19,SEA,NYG,27,13,1,7.0,7.0,0,0,,,,
401437817,2022-10-31,2022,8,regular,Buffalo Bills,Green Bay Packers,2,9,BUF,GB,27,17,1,15.0,8.0,0,0,,,,
401437818,2022-11-01,2022,8,regular,Cleveland Browns,Cincinnati Bengals,5,4,CLE,CIN,32,13,1,9.0,9.0,1,0,,,,
401437819,2022-11-04,2022,9,regular,Houston Texans,Philadelphia Eagles,34,21,HOU,PHI,17,29,0,5.0,5.0,0,0,,,,
401437820,2022-11-06,2022,9,regular,Atlanta Falcons,Los Angeles Chargers,1,24,ATL,LAC,17,20,0,7.0,14.0,0,0,,,,
401437821,2022-11-06,2022,9,regular,Chicago Bears,Miami Dolphins,3,15,CHI,MIA,32,35,0,7.0,7.0,0,0,,,,
401437822,2022-11-06,2022,9,regular,Cincinnati Bengals,Carolina Panthers,4,29,CIN,CAR,42,21,1,5.0,7.0,0,0,,,,
401437823,2022-11-06,2022,9,regular,Detroit Lions,Green Bay Packers,8,9,DET,GB,15,9,1,7.0,6.0,1,0,,,,
401437824,2022-11-06,2022,9,regular,Jacksonville Jaguars,Las Vegas Raiders,30,13,JAX,LV,27,20,1,7.0,7.0,0,0,,,,
401437825,2022-11-06,2022,9,regular,New England Patriots,Indianapolis Colts,17,11,NE,IND,26,3,1,7.0,7.0,0,0,,,,
401437826,2022-11-06,2022,9,regular,New York Jets,Buffalo Bills,20,2,NYJ,BUF,20,17,1,7.0,6.0,1,0,,,,
401437827,2022-11-06,2022,9,regular,Washington Commanders,Minnesota Vikings,28,16,WSH,MIN,17,20,0,7.0,7.0,0,0,,,,
401437828,2022-11-06,2022,9,regular,Arizona Cardinals,Seattle Seahawks,22,26,ARI,SEA,21,31,0,7.0,7.0,1,0,,,,
401437829,2022-11-06,2022,9,regular,Tampa Bay Buccaneers,Los Angeles Rams,27,14,TB,LAR,16,13,1,9.0,7.0,0,0,,,,
401437830,2022-11-07,2022,9,regular,Kansas City Chiefs,Tennessee Titans,12,10,KC,TEN,20,17,1,15.0,8.0,0,0,,,,
401437831,2022-11-08,2022,9,regular,New Orleans Saints,Baltimore Ravens,18,33,NO,BAL,13,27,0,9.0,11.0,0,0,,,,
401437832,2022-11-11,2022,10,regular,Carolina Panthers,Atlanta Falcons,29,1,CAR,ATL,25,15,1,5.0,5.0,1,0,,,,
401435638,2022-11-13,2022,10,regular,Tampa Bay Buccaneers,Seattle Seahawks,27,26,TB,SEA,21,16,1,7.0,7.0,0,1,,,,
401437131,2022-11-13,2022,10,regular,Green Bay Packers,Dallas Cowboys,9,6,GB,DAL,31,28,1,7.0,14.0,0,0,,,,
401437833,2022-11-13,2022,10,regular,Buffalo Bills,Minnesota Vikings,2,16,BUF,MIN,30,33,0,7.0,7.0,0,0,,,,
401437834,2022-11-13,2022,10,regular,Chicago Bears,Detroit Lions,3,8,CHI,DET,30,31,0,7.0,7.0,1,0,,,,
401437835,2022-11-13,2022,10,regular,Kansas City Chiefs,Jacksonville Jaguars,12,30,KC,JAX,27,17,1,6.0,7.0,0,0,,,,
401437836,2022-11-13,2022,10,regular,Miami Dolphins,Cleveland Browns,15,5,MIA,CLE,39,17,1,7.0,12.0,0,0,,,,
401437837,2022-11-13,2022,10,regular,New York Giants,Houston Texans,19,34,NYG,HOU,24,16,1,14.0,9.0,0,0,,,,
401437838,2022-11-13,2022,10,regular,Pittsburgh Steelers,New Orleans Saints,23,18,PIT,NO,20,10,1,14.0,5.0,0,0,,,,
401437839,2022-11-13,2022,10,regular,Tennessee Titans,Denver Broncos,10,7,TEN,DEN,17,10,1,6.0,14.0,0,0,,,,
401437840,2022-11-13,2022,10,regular,Las Vegas Raiders,Indianapolis Colts,13,11,LV,IND,20,25,0,7.0,7.0,0,0,,,,
401437841,2022-11-13,2022,10,regular,Los Angeles Rams,Arizona Cardinals,14,22,LAR,ARI,17,27,0,7.0,7.0,1,0,,,,
401437842,2022-11-14,2022,10,regular,San Francisco 49ers,Los Angeles Chargers,25,24,SF,LAC,22,16,1,15.0,8.0,0,0,,,,
401437843,2022-11-15,2022,10,regular,Philadelphia Eagles,Washington Commanders,21,28,PHI,WSH,21,32,0,11.0,9.0,1,0,,,,
401437844,2022-11-18,2022,11,regular,Green Bay Packers,Tennessee Titans,9,10,GB,TEN,17,27,0,5.0,5.0,0,0,,,,
401437845,2022-11-20,2022,11,regular,Atlanta Falcons,Chicago Bears,1,3,ATL,CHI,27,24,1,9.0,7.0,0,0,,,,
401437846,2022-11-20,2022,11,regular,Baltimore Ravens,Carolina Panthers,33,29,BAL,CAR,13,3,1,12.0,9.0,0,0,,,,
401437847,2022-11-20,2022,11,regular,Buffalo Bills,Cleveland Browns,2,5,BUF,CLE,31,23,1,7.0,7.0,0,1,,,,
401437848,2022-11-20,2022,11,regular,Houston Texans,Washington Commanders,34,28,HOU,WSH,10,23,0,7.0,5.0,0,0,,,,
401437849,2022-11-20,2022,11,regular,Indianapolis Colts,Philadelphia Eagles,11,21,IND,PHI,16,17,0,7.0,5.0,0,0,,,,
401437850,2022-11-20,2022,11,regular,New England Patriots,New York Jets,17,20,NE,NYJ,10,3,1,14.0,14.0,1,0,,,,
401437851,2022-11-20,2022,11,regular,New Orleans Saints,Los Angeles Rams,18,14,NO,LAR,27,20,1,7.0,7.0,0,0,,,,
401437852,2022-11-20,2022,11,regular,New York Giants,Detroit Lions,19,8,NYG,DET,18,31,0,7.0,7.0,0,0,,,,
401437853,2022-11-20,2022,11,regular,Denver Broncos,Las Vegas Raiders,7,13,DEN,LV,16,22,0,7.0,7.0,1,0,,,,
401437855,2022-11-20,2022,11,regular,Minnesota Vikings,Dallas Cowboys,16,6,MIN,DAL,3,40,0,7.0,7.0,0,0,,,,
401437856,2022-11-20,2022,11,regular,Pittsburgh Steelers,Cincinnati Bengals,23,4,PIT,CIN,30,37,0,7.0,14.0,1,0,,,,
401437854,2022-11-21,2022,11,regular,Los Angeles Chargers,Kansas City Chiefs,24,12,LAC,KC,27,30,0,7.0,8.0,1,0,,,,
401435642,2022-11-22,2022,11,regular,Arizona Cardinals,San Francisco 49ers,22,25,ARI,SF,10,38,0,9.0,8.0,1,1,,,,
401437857,2022-11-24,2022,12,regular,Detroit Lions,Buffalo Bills,8,2,DET,BUF,25,28,0,4.0,4.0,0,0,,,,
401437858,2022-11-24,2022,12,regular,Dallas Cowboys,New York Giants,6,19,DAL,NYG,28,20,1,4.0,4.0,1,0,,,,
401437859,2022-11-25,2022,12,regular,Minnesota Vikings,New England Patriots,16,17,MIN,NE,33,26,1,5.0,5.0,0,0,,,,
401437860,2022-11-27,2022,12,regular,Carolina Panthers,Denver Broncos,29,7,CAR,DEN,23,10,1,7.0,7.0,0,0,,,,
401437861,2022-11-27,2022,12,regular,Cleveland Browns,Tampa Bay Buccaneers,5,27,CLE,TB,23,17,1,7.0,14.0,0,0,,,,
401437862,2022-11-27,2022,12,regular,Jacksonville Jaguars,Baltimore Ravens,30,33,JAX,BAL,28,27,1,14.0,7.0,0,0,,,,
401437863,2022-11-27,2022,12,regular,Miami Dolphins,Houston Texans,15,34,MIA,HOU,30,15,1,14.0,7.0,0,0,,,,
401437864,2022-11-27,2022,12,regular,New York Jets,Chicago Bears,20,3,NYJ,CHI,31,10,1,7.0,7.0,0,0,,,,
401437865,2022-11-27,2022,12,regular,Tennessee Titans,Cincinnati Bengals,10,4,TEN,CIN,16,20,0,9.0,7.0,0,0,,,,
401437866,2022-11-27,2022,12,regular,Washington Commanders,Atlanta Falcons,28,1,WSH,ATL,19,13,1,7.0,7.0,0,0,,,,
401437867,2022-11-27,2022,12,regular,Arizona Cardinals,Los Angeles Chargers,22,24,ARI,LAC,24,25,0,5.0,6.0,0,0,,,,
401437868,2022-11-27,2022,12,regular,Seattle Seahawks,Las Vegas Raiders,26,13,SEA,LV,34,40,0,14.0,7.0,0,0,,,,
401437869,2022-11-27,2022,12,regular,Kansas City Chiefs,Los Angeles Rams,12,14,KC,LAR,26,10,1,6.0,7.0,0,0,,,,
401437870,2022-11-27,2022,12,regular,San Francisco 49ers,New Orleans Saints,25,18,SF,NO,13,0,1,5.0,7.0,0,0,,,,
401437871,2022-11-28,2022,12,regular,Philadelphia Eagles,Green Bay Packers,21,9,PHI,GB,40,33,1,8.0,10.0,0,0,,,,
401437872,2022-11-29,2022,12,regular,Indianapolis Colts,Pittsburgh Steelers,11,23,IND,PIT,17,24,0,9.0,9.0,0,0,,,,
401437873,2022-12-02,2022,13,regular,New England Patriots,Buffalo Bills,17,2,NE,BUF,10,24,0,7.0,8.0,1,0,,,,
401437874,2022-12-04,2022,13,regular,Atlanta Falcons,Pittsburgh Steelers,1,23,ATL,PIT,16,19,0,7.0,5.0,0,0,,,,
401437875,2022-12-04,2022,13,regular,Baltimore Ravens,Denver Broncos,33,7,BAL,DEN,10,9,1,7.0,7.0,0,0,,,,
401437876,2022-12-04,2022,13,regular,Chicago Bears,Green Bay Packers,3,9,CHI,GB,19,28,0,7.0,6.0,1,0,,,,
401437877,2022-12-04,2022,13,regular,Detroit Lions,Jacksonville Jaguars,8,30,DET,JAX,40,14,1,10.0,7.0,0,0,,,,
401437878,2022-12-04,2022,13,regular,Houston Texans,Cleveland Browns,34,5,HOU,CLE,14,27,0,7.0,7.0,0,0,,,,
401437879,2022-12-04,2022,13,regular,Minnesota Vikings,New York Jets,16,20,MIN,NYJ,27,22,1,9.0,7.0,0,0,,,,
401437881,2022-12-04,2022,13,regular,Philadelphia Eagles,Tennessee Titans,21,10,PHI,TEN,35,10,1,6.0,7.0,0,0,,,,
401437882,2022-12-04,2022,13,regular,Los Angeles Rams,Seattle Seahawks,14,26,LAR,SEA,23,27,0,7.0,7.0,1,0,,,,
401437883,2022-12-04,2022,13,regular,San Francisco 49ers,Miami Dolphins,25,15,SF,MIA,33,17,1,7.0,7.0,0,0,,,,
401437884,2022-12-04,2022,13,regular,Cincinnati Bengals,Kansas City Chiefs,4,12,CIN,KC,27,24,1,7.0,7.0,0,0,,,,
401437885,2022-12-04,2022,13,regular,Las Vegas Raiders,Los Angeles Chargers,13,24,LV,LAC,27,20,1,7.0,7.0,1,0,,,,
401437886,2022-12-05,2022,13,regular,Dallas Cowboys,Indianapolis Colts,6,11,DAL,IND,54,19,1,11.0,6.0,0,0,,,,
401437887,2022-12-06,2022,13,regular,Tampa Bay Buccaneers,New Orleans Saints,27,18,TB,NO,17,16,1,9.0,9.0,1,0,,,,
401437888,2022-12-09,2022,14,regular,Los Angeles Rams,Las Vegas Raiders,14,13,LAR,LV,17,16,1,5.0,5.0,0,0,,,,
401437889,2022-12-11,2022,14,regular,Buffalo Bills,New York Jets,2,20,BUF,NYJ,20,12,1,9.0,7.0,1,0,,,,
401437890,2022-12-11,2022,14,regular,Cincinnati Bengals,Cleveland Browns,4,5,CIN,CLE,23,10,1,7.0,7.0,1,0,,,,
401437891,2022-12-11,2022,14,regular,Dallas Cowboys,Houston Texans,6,34,DAL,HOU,27,23,1,6.0,7.0,0,0,,,,
401437892,2022-12-11,2022,14,regular,Detroit Lions,Minnesota Vikings,8,16,DET,MIN,34,23,1,7.0,7.0,1,0,,,,
401437893,2022-12-11,2022,14,regular,New York Giants,Philadelphia Eagles,19,21,NYG,PHI,22,48,0,17.0,7.0,1,0,,,,
401437894,2022-12-11,2022,14,regular,Pittsburgh Steelers,Baltimore Ravens,23,33,PIT,BAL,14,16,0,7.0,7.0,1,0,,,,
401437895,2022-12-11,2022,14,regular,Tennessee Titans,Jacksonville Jaguars,10,30,TEN,JAX,22,36,0,7.0,7.0,1,0,,,,
401437897,2022-12-11,2022,14,regular,San Francisco 49ers,Tampa Bay Buccaneers,25,27,SF,TB,35,7,1,7.0,5.0,0,0,,,,
401437898,2022-12-11,2022,14,regular,Seattle Seahawks,Carolina Panthers,26,29,SEA,CAR,24,30,0,7.0,14.0,0,0,,,,
401437899,2022-12-11,2022,14,regular,Denver Broncos,Kansas City Chiefs,7,12,DEN,KC,28,34,0,7.0,7.0,1,0,,,,
401437896,2022-12-12,2022,14,regular,Los Angeles Chargers,Miami Dolphins,24,15,LAC,MIA,23,17,1,8.0,8.0,0,0,,,,
401437900,2022-12-13,2022,14,regular,Arizona Cardinals,New England Patriots,22,17,ARI,NE,13,27,0,16.0,11.0,0,0,,,,
401437901,2022-12-16,2022,15,regular,Seattle Seahawks,San Francisco 49ers,26,25,SEA,SF,13,21,0,5.0,5.0,1,0,,,,
401437903,2022-12-17,2022,15,regular,Cleveland Browns,Baltimore Ravens,5,33,CLE,BAL,13,3,1,6.0,6.0,1,0,,,,
401437904,2022-12-17,2022,15,regular,Minnesota Vikings,Indianapolis Colts,16,11,MIN,IND,39,36,1,6.0,12.0,0,0,,,,
401437902,2022-12-18,2022,15,regular,Buffalo Bills,Miami Dolphins,2,15,BUF,MIA,32,29,1,7.0,6.0,1,0,,,,
401437905,2022-12-18,2022,15,regular,New Orleans Saints,Atlanta Falcons,18,1,NO,ATL,21,18,1,12.0,14.0,1,0,,,,
401437907,2022-12-18,2022,15,regular,Carolina Panthers,Pittsburgh Steelers,29,23,CAR,PIT,16,24,0,7.0,7.0,0,0,,,,
401437908,2022-12-18,2022,15,regular,Chicago Bears,Philadelphia Eagles,3,21,CHI,PHI,20,25,0,14.0,7.0,0,0,,,,
401437909,2022-12-18,2022,15,regular,Houston Texans,Kansas City Chiefs,34,12,HOU,KC,24,30,0,7.0,7.0,0,0,,,,
401437910,2022-12-18,2022,15,regular,Jacksonville Jaguars,Dallas Cowboys,30,6,JAX,DAL,40,34,1,7.0,7.0,0,0,,,,
401437911,2022-12-18,2022,15,regular,New York Jets,Detroit Lions,20,8,NYJ,DET,17,20,0,7.0,7.0,0,0,,,,
401437912,2022-12-18,2022,15,regular,Denver Broncos,Arizona Cardinals,7,22,DEN,ARI,24,15,1,7.0,5.0,0,0,,,,
401437913,2022-12-18,2022,15,regular,Los Angeles Chargers,Tennessee Titans,24,10,LAC,TEN,17,14,1,6.0,7.0,0,0,,,,
401437914,2022-12-18,2022,15,regular,Tampa Bay Buccaneers,Cincinnati Bengals,27,4,TB,CIN,23,34,0,7.0,7.0,0,0,,,,
401437915,2022-12-18,2022,15,regular,Las Vegas Raiders,New England Patriots,13,17,LV,NE,30,24,1,9.0,5.0,0,0,,,,
401437906,2022-12-19,2022,15,regular,Washington Commanders,New York Giants,28,19,WSH,NYG,12,20,0,7.0,8.0,1,0,,,,
401437916,2022-12-20,2022,15,regular,Green Bay Packers,Los Angeles Rams,9,14,GB,LAR,24,12,1,16.0,11.0,0,0,,,,
401437917,2022-12-23,2022,16,regular,New York Jets,Jacksonville Jaguars,20,30,NYJ,JAX,3,19,0,5.0,5.0,0,0,,,,
401437918,2022-12-24,2022,16,regular,Baltimore Ravens,Atlanta Falcons,33,1,BAL,ATL,17,9,1,7.0,6.0,0,0,,,,
401437919,2022-12-24,2022,16,regular,Carolina Panthers,Detroit Lions,29,8,CAR,DET,37,23,1,6.0,6.0,0,0,,,,
401437920,2022-12-24,2022,16,regular,Chicago Bears,Buffalo Bills,3,2,CHI,BUF,13,35,0,6.0,6.0,0,0,,,,
401437921,2022-12-24,2022,16,regular,Cleveland Browns,New Orleans Saints,5,18,CLE,NO,10,17,0,7.0,6.0,0,0,,,,
401437922,2022-12-24,2022,16,regular,Kansas City Chiefs,Seattle Seahawks,12,26,KC,SEA,24,10,1,6.0,8.0,0,0,,,,
401437923,2022-12-24,2022,16,regular,Minnesota Vikings,New York Giants,16,19,MIN,NYG,27,24,1,7.0,5.0,0,0,,,,
401437924,2022-12-24,2022,16,regular,New England Patriots,Cincinnati Bengals,17,4,NE,CIN,18,22,0,6.0,6.0,0,0,,,,
401437925,2022-12-24,2022,16,regular,Tennessee Titans,Houston Texans,10,34,TEN,HOU,14,19,0,6.0,6.0,1,0,,,,
401437926,2022-12-24,2022,16,regular,San Francisco 49ers,Washington Commanders,25,28,SF,WSH,37,20,1,8.0,5.0,0,0,,,,
401437927,2022-12-24,2022,16,regular,Dallas Cowboys,Philadelphia Eagles,6,21,DAL,PHI,40,34,1,6.0,6.0,1,0,,,,
401436983,2022-12-25,2022,16,regular,Los Angeles Rams,Denver Broncos,14,7,LAR,DEN,51,14,1,5.0,7.0,0,0,,,,
401437928,2022-12-25,2022,16,regular,Pittsburgh Steelers,Las Vegas Raiders,23,13,PIT,LV,13,10,1,7.0,7.0,0,0,,,,
401437929,2022-12-25,2022,16,regular,Miami Dolphins,Green Bay Packers,15,9,MIA,GB,20,26,0,7.0,5.0,0,0,,,,
401437930,2022-12-26,2022,16,regular,Arizona Cardinals,Tampa Bay Buccaneers,22,27,ARI,TB,16,19,0,8.0,8.0,0,0,,,,
401437931,2022-12-27,2022,16,regular,Indianapolis Colts,Los Angeles Chargers,11,24,IND,LAC,3,20,0,10.0,9.0,0,0,,,,
401437932,2022-12-30,2022,17,regular,Tennessee Titans,Dallas Cowboys,10,6,TEN,DAL,13,27,0,6.0,6.0,0,0,,,,
401437933,2023-01-01,2022,17,regular,Atlanta Falcons,Arizona Cardinals,1,22,ATL,ARI,20,19,1,8.0,6.0,0,0,,,,
401437935,2023-01-01,2022,17,regular,Detroit Lions,Chicago Bears,8,3,DET,CHI,41,10,1,8.0,8.0,1,0,,,,
401437936,2023-01-01,2022,17,regular,Houston Texans,Jacksonville Jaguars,34,30,HOU,JAX,3,31,0,8.0,9.0,1,0,,,,
401437937,2023-01-01,2022,17,regular,Kansas City Chiefs,Denver Broncos,12,7,KC,DEN,27,24,1,8.0,7.0,1,0,,,,
401437938,2023-01-01,2022,17,regular,New England Patriots,Miami Dolphins,17,15,NE,MIA,23,21,1,8.0,7.0,1,0,,,,
401437939,2023-01-01,2022,17,regular,New York Giants,Indianapolis Colts,19,11,NYG,IND,38,10,1,8.0,5.0,0,0,,,,
401437940,2023-01-01,2022,17,regular,Philadelphia Eagles,New Orleans Saints,21,18,PHI,NO,10,20,0,8.0,8.0,0,0,,,,
401437941,2023-01-01,2022,17,regular,Tampa Bay Buccaneers,Carolina Panthers,27,29,TB,CAR,30,24,1,6.0,8.0,1,0,,,,
401437942,2023-01-01,2022,17,regular,Washington Commanders,Cleveland Browns,28,5,WSH,CLE,10,24,0,8.0,8.0,0,0,,,,
401437943,2023-01-01,2022,17,regular,Las Vegas Raiders,San Francisco 49ers,13,25,LV,SF,34,37,0,7.0,8.0,0,0,,,,
401437944,2023-01-01,2022,17,regular,Seattle Seahawks,New York Jets,26,20,SEA,NYJ,23,6,1,8.0,9.0,0,0,,,,
401437945,2023-01-01,2022,17,regular,Green Bay Packers,Minnesota Vikings,9,16,GB,MIN,41,17,1,7.0,8.0,1,0,,,,
401437946,2023-01-01,2022,17,regular,Los Angeles Chargers,Los Angeles Rams,24,14,LAC,LAR,31,10,1,5.0,7.0,0,0,,,,
401437934,2023-01-02,2022,17,regular,Baltimore Ravens,Pittsburgh Steelers,33,23,BAL,PIT,13,16,0,9.0,8.0,1,0,,,,
401437961,2023-01-07,2022,18,regular,Las Vegas Raiders,Kansas City Chiefs,13,12,LV,KC,13,31,0,6.0,6.0,1,0,,,,
401437948,2023-01-08,2022,18,regular,Atlanta Falcons,Tampa Bay Buccaneers,1,27,ATL,TB,30,17,1,7.0,7.0,1,0,,,,
401437949,2023-01-08,2022,18,regular,Buffalo Bills,New England Patriots,2,17,BUF,NE,35,23,1,15.0,7.0,1,0,,,,
401437950,2023-01-08,2022,18,regular,Chicago Bears,Minnesota Vikings,3,16,CHI,MIN,13,29,0,7.0,7.0,1,0,,,,
401437951,2023-01-08,2022,18,regular,Cincinnati Bengals,Baltimore Ravens,4,33,CIN,BAL,27,16,1,15.0,6.0,1,0,,,,
401437953,2023-01-08,2022,18,regular,Indianapolis Colts,Houston Texans,11,34,IND,HOU,31,32,0,7.0,7.0,1,0,,,,
401437954,2023-01-08,2022,18,regular,Jacksonville Jaguars,Tennessee Titans,30,10,JAX,TEN,20,16,1,7.0,9.0,1,0,,,,
401437955,2023-01-08,2022,18,regular,Miami Dolphins,New York Jets,15,20,MIA,NYJ,11,6,1,7.0,7.0,1,0,,,,
401437956,2023-01-08,2022,18,regular,New Orleans Saints,Carolina Panthers,18,29,NO,CAR,7,10,0,7.0,7.0,1,0,,,,
401437957,2023-01-08,2022,18,regular,Philadelphia Eagles,New York Giants,21,19,PHI,NYG,22,16,1,7.0,7.0,1,0,,,,
401437958,2023-01-08,2022,18,regular,Pittsburgh Steelers,Cleveland Browns,23,5,PIT,CLE,28,14,1,6.0,7.0,1,0,,,,
401437959,2023-01-08,2022,18,regular,Washington Commanders,Dallas Cowboys,28,6,WSH,DAL,26,6,1,7.0,9.0,1,0,,,,
401437960,2023-01-08,2022,18,regular,Denver Broncos,Los Angeles Chargers,7,24,DEN,LAC,31,28,1,7.0,7.0,1,0,,,,
401437962,2023-01-08,2022,18,regular,San Francisco 49ers,Arizona Cardinals,25,22,SF,ARI,38,13,1,7.0,7.0,1,0,,,,
401437963,2023-01-08,2022,18,regular,Seattle Seahawks,Los Angeles Rams,26,14,SEA,LAR,19,16,1,7.0,7.0,1,0,,,,
401437952,2023-01-09,2022,18,regular,Green Bay Packers,Detroit Lions,9,8,GB,DET,16,20,0,8.0,8.0,1,0,,,,
401547654,2023-08-04,2023,1,preseason,Cleveland Browns,New York Jets,5,20,CLE,NYJ,21,16,1,7.0,7.0,0,1,,,,
401548631,2023-08-10,2023,2,preseason,New England Patriots,Houston Texans,17,34,NE,HOU,9,20,0,7.0,7.0,0,0,,,,
401548624,2023-08-11,2023,2,preseason,Cincinnati Bengals,Green Bay Packers,4,9,CIN,GB,19,36,0,7.0,7.0,0,0,,,,
401548626,2023-08-11,2023,2,preseason,Miami Dolphins,Atlanta Falcons,15,1,MIA,ATL,3,19,0,7.0,7.0,0,0,,,,
401549309,2023-08-11,2023,2,preseason,Cleveland Browns,Washington Commanders,5,28,CLE,WSH,15,17,0,7.0,7.0,0,0,,,,
401550178,2023-08-11,2023,2,preseason,Tampa Bay Buccaneers,Pittsburgh Steelers,27,23,TB,PIT,17,27,0,7.0,7.0,0,0,,,,
401550739,2023-08-11,2023,2,preseason,Detroit Lions,New York Giants,8,19,DET,NYG,21,16,1,7.0,7.0,0,0,,,,
401550740,2023-08-11,2023,2,preseason,Seattle Seahawks,Minnesota Vikings,26,16,SEA,MIN,24,13,1,7.0,7.0,0,0,,,,
401547659,2023-08-12,2023,2,preseason,Baltimore Ravens,Philadelphia Eagles,33,21,BAL,PHI,20,19,1,7.0,7.0,0,0,,,,
401547663,2023-08-12,2023,2,preseason,Buffalo Bills,Indianapolis Colts,2,11,BUF,IND,23,19,1,7.0,7.0,0,0,,,,
401548411,2023-08-12,2023,2,preseason,Chicago Bears,Tennessee Titans,3,10,CHI,TEN,23,17,1,7.0,7.0,0,0,,,,
401548496,2023-08-12,2023,2,preseason,Arizona Cardinals,Denver Broncos,22,7,ARI,DEN,18,17,1,7.0,7.0,0,0,,,,
401548620,2023-08-12,2023,2,preseason,Dallas Cowboys,Jacksonville Jaguars,6,30,DAL,JAX,23,28,0,7.0,7.0,0,0,,,,
401550833,2023-08-12,2023,2,preseason,Carolina Panthers,New York Jets,29,20,CAR,NYJ,0,27,0,7.0,8.0,0,0,,,,
401547666,2023-08-13,2023,2,preseason,Los Angeles Rams,Los Angeles Chargers,14,24,LAR,LAC,17,34,0,7.0,7.0,0,0,,,,
401548628,2023-08-13,2023,2,preseason,New Orleans Saints,Kansas City Chiefs,18,12,NO,KC,26,24,1,7.0,7.0,0,0,,,,
401550918,2023-08-13,2023,2,preseason,Las Vegas Raiders,San Francisco 49ers,13,25,LV,SF,34,7,1,7.0,7.0,0,0,,,,
401550834,2023-08-18,2023,3,preseason,New York Giants,Carolina Panthers,19,29,NYG,CAR,21,19,1,7.0,6.0,0,0,,,,
401547662,2023-08-19,2023,3,preseason,Pittsburgh Steelers,Buffalo Bills,23,2,PIT,BUF,27,15,1,8.0,7.0,0,0,,,,
401547664,2023-08-19,2023,3,preseason,Indianapolis Colts,Chicago Bears,11,3,IND,CHI,24,17,1,7.0,7.0,0,0,,,,
401547665,2023-08-19,2023,3,preseason,Houston Texans,Miami Dolphins,34,15,HOU,MIA,3,28,0,9.0,8.0,0,0,,,,
401548621,2023-08-19,2023,3,preseason,Detroit Lions,Jacksonville Jaguars,8,30,DET,JAX,7,25,0,8.0,7.0,0,0,,,,
401550836,2023-08-19,2023,3,preseason,New York Jets,Tampa Bay Buccaneers,20,27,NYJ,TB,6,13,0,7.0,8.0,0,0,,,,
401547667,2023-08-20,2023,3,preseason,Los Angeles Chargers,New Orleans Saints,24,18,LAC,NO,17,22,0,7.0,7.0,0,0,,,,
401547668,2023-08-20,2023,3,preseason,Los Angeles Rams,Las Vegas Raiders,14,13,LAR,LV,17,34,0,7.0,7.0,0,0,,,,
401548497,2023-08-20,2023,3,preseason,Arizona Cardinals,Kansas City Chiefs,22,12,ARI,KC,10,38,0,8.0,7.0,0,0,,,,
401548507,2023-08-20,2023,3,preseason,Minnesota Vikings,Tennessee Titans,16,10,MIN,TEN,16,24,0,9.0,8.0,0,0,,,,
401548509,2023-08-20,2023,3,preseason,San Francisco 49ers,Denver Broncos,25,7,SF,DEN,21,20,1,7.0,8.0,0,0,,,,
401549211,2023-08-20,2023,3,preseason,Green Bay Packers,New England Patriots,9,17,GB,NE,17,21,0,9.0,10.0,0,0,,,,
401550161,2023-08-20,2023,3,preseason,Seattle Seahawks,Dallas Cowboys,26,6,SEA,DAL,22,14,1,9.0,8.0,0,0,,,,
401547655,2023-08-22,2023,3,preseason,Washington Commanders,Baltimore Ravens,28,33,WSH,BAL,29,28,1,11.0,10.0,0,0,,,,
401548627,2023-08-24,2023,4,preseason,Atlanta Falcons,Pittsburgh Steelers,1,23,ATL,PIT,0,24,0,13.0,5.0,0,0,,,,
401547656,2023-08-25,2023,4,preseason,Philadelphia Eagles,Indianapolis Colts,21,11,PHI,IND,13,27,0,13.0,6.0,0,0,,,,
401547657,2023-08-26,2023,4,preseason,Carolina Panthers,Detroit Lions,29,8,CAR,DET,17,26,0,8.0,7.0,0,0,,,,
401547660,2023-08-26,2023,4,preseason,Tampa Bay Buccaneers,Baltimore Ravens,27,33,TB,BAL,26,20,1,7.0,4.0,0,0,,,,
401548412,2023-08-26,2023,4,preseason,Chicago Bears,Buffalo Bills,3,2,CHI,BUF,21,24,0,7.0,7.0,0,0,,,,
401548498,2023-08-26,2023,4,preseason,Minnesota Vikings,Arizona Cardinals,16,22,MIN,ARI,17,18,0,6.0,6.0,0,0,,,,
401548508,2023-08-26,2023,4,preseason,Tennessee Titans,New England Patriots,10,17,TEN,NE,23,7,1,6.0,6.0,0,0,,,,
401548510,2023-08-26,2023,4,preseason,San Francisco 49ers,Los Angeles Chargers,25,24,SF,LAC,12,23,0,6.0,6.0,0,0,,,,
401548622,2023-08-26,2023,4,preseason,Jacksonville Jaguars,Miami Dolphins,30,15,JAX,MIA,31,18,1,7.0,7.0,0,0,,,,
401548623,2023-08-26,2023,4,preseason,Washington Commanders,Cincinnati Bengals,28,4,WSH,CIN,21,19,1,4.0,15.0,0,0,,,,
401548629,2023-08-26,2023,4,preseason,Kansas City Chiefs,Cleveland Browns,12,5,KC,CLE,33,32,1,6.0,15.0,0,0,,,,
401549212,2023-08-26,2023,4,preseason,Green Bay Packers,Seattle Seahawks,9,26,GB,SEA,19,15,1,6.0,6.0,0,0,,,,
401550835,2023-08-26,2023,4,preseason,New York Giants,New York Jets,19,20,NYG,NYJ,24,32,0,8.0,7.0,0,0,,,,
401547669,2023-08-27,2023,4,preseason,Denver Broncos,Los Angeles Rams,7,14,DEN,LAR,41,0,1,7.0,7.0,0,0,,,,
401550167,2023-08-27,2023,4,preseason,Dallas Cowboys,Las Vegas Raiders,6,13,DAL,LV,31,16,1,7.0,7.0,0,0,,,,
401547658,2023-08-28,2023,4,preseason,New Orleans Saints,Houston Texans,18,34,NO,HOU,13,17,0,8.0,9.0,0,0,,,,
401547353,2023-09-08,2023,1,regular,Kansas City Chiefs,Detroit Lions,12,8,KC,DET,20,21,0,13.0,13.0,0,0,,,,
401547396,2023-09-10,2023,1,regular,Baltimore Ravens,Houston Texans,33,34,BAL,HOU,25,9,1,15.0,13.0,0,0,,,,
401547397,2023-09-10,2023,1,regular,Cleveland Browns,Cincinnati Bengals,5,4,CLE,CIN,24,3,1,15.0,15.0,1,0,,,,
401547398,2023-09-10,2023,1,regular,Minnesota Vikings,Tampa Bay Buccaneers,16,27,MIN,TB,17,20,0,15.0,15.0,0,0,,,,
401547399,2023-09-10,2023,1,regular,New Orleans Saints,Tennessee Titans,18,10,NO,TEN,16,15,1,13.0,15.0,0,0,,,,
401547400,2023-09-10,2023,1,regular,Denver Broncos,Las Vegas Raiders,7,13,DEN,LV,16,17,0,14.0,14.0,1,0,,,,
401547401,2023-09-10,2023,1,regular,Los Angeles Chargers,Miami Dolphins,24,15,LAC,MIA,34,36,0,15.0,15.0,0,0,,,,
401547402,2023-09-10,2023,1,regular,New England Patriots,Philadelphia Eagles,17,21,NE,PHI,20,25,0,15.0,16.0,0,0,,,,
401547403,2023-09-10,2023,1,regular,Atlanta Falcons,Carolina Panthers,1,29,ATL,CAR,24,10,1,17.0,15.0,1,0,,,,
401547404,2023-09-10,2023,1,regular,Indianapolis Colts,Jacksonville Jaguars,11,30,IND,JAX,21,31,0,16.0,15.0,1,0,,,,
401547405,2023-09-10,2023,1,regular,Pittsburgh Steelers,San Francisco 49ers,23,25,PIT,SF,7,30,0,17.0,15.0,0,0,,,,
401547406,2023-09-10,2023,1,regular,Washington Commanders,Arizona Cardinals,28,22,WSH,ARI,20,16,1,15.0,15.0,0,0,,,,
401547407,2023-09-10,2023,1,regular,Chicago Bears,Green Bay Packers,3,9,CHI,GB,20,38,0,15.0,15.0,1,0,,,,
401547408,2023-09-10,2023,1,regular,Seattle Seahawks,Los Angeles Rams,26,14,SEA,LAR,13,30,0,15.0,14.0,1,0,,,,
401547409,2023-09-11,2023,1,regular,New York Giants,Dallas Cowboys,19,6,NYG,DAL,0,40,0,16.0,15.0,1,0,,,,
401547352,2023-09-12,2023,1,regular,New York Jets,Buffalo Bills,20,2,NYJ,BUF,22,16,1,17.0,17.0,1,0,,,,
401547410,2023-09-15,2023,2,regular,Philadelphia Eagles,Minnesota Vikings,21,16,PHI,MIN,34,28,1,5.0,5.0,0,0,,,,
401547411,2023-09-17,2023,2,regular,Buffalo Bills,Las Vegas Raiders,2,13,BUF,LV,38,10,1,5.0,7.0,0,0,,,,
401547412,2023-09-17,2023,2,regular,Cincinnati Bengals,Baltimore Ravens,4,33,CIN,BAL,24,27,0,7.0,7.0,1,0,,,,
401547413,2023-09-17,2023,2,regular,Jacksonville Jaguars,Kansas City Chiefs,30,12,JAX,KC,9,17,0,7.0,9.0,0,0,,,,
401547414,2023-09-17,2023,2,regular,Tennessee Titans,Los Angeles Chargers,10,24,TEN,LAC,27,24,1,7.0,7.0,0,0,,,,
401547415,2023-09-17,2023,2,regular,Dallas Cowboys,New York Jets,6,20,DAL,NYJ,30,10,1,6.0,5.0,0,0,,,,
401547416,2023-09-17,2023,2,regular,Denver Broncos,Washington Commanders,7,28,DEN,WSH,33,35,0,7.0,7.0,0,0,,,,
401547417,2023-09-17,2023,2,regular,Atlanta Falcons,Green Bay Packers,1,9,ATL,GB,25,24,1,7.0,7.0,0,0,,,,
401547418,2023-09-17,2023,2,regular,Detroit Lions,Seattle Seahawks,8,26,DET,SEA,31,37,0,9.0,7.0,0,0,,,,
401547419,2023-09-17,2023,2,regular,Houston Texans,Indianapolis Colts,34,11,HOU,IND,20,31,0,7.0,7.0,1,0,,,,
401547420,2023-09-17,2023,2,regular,Tampa Bay Buccaneers,Chicago Bears,27,3,TB,CHI,27,17,1,7.0,7.0,0,0,,,,
401547421,2023-09-17,2023,2,regular,Arizona Cardinals,New York Giants,22,19,ARI,NYG,28,31,0,7.0,6.0,0,0,,,,
401547422,2023-09-17,2023,2,regular,Los Angeles Rams,San Francisco 49ers,14,25,LAR,SF,23,30,0,7.0,7.0,1,0,,,,
401547423,2023-09-18,2023,2,regular,New England Patriots,Miami Dolphins,17,15,NE,MIA,17,24,0,8.0,8.0,1,0,,,,
401547425,2023-09-18,2023,2,regular,Carolina Panthers,New Orleans Saints,29,18,CAR,NO,17,20,0,8.0,8.0,1,0,,,,
401547424,2023-09-19,2023,2,regular,Pittsburgh Steelers,Cleveland Browns,23,5,PIT,CLE,26,22,1,9.0,9.0,1,0,,,,
401547426,2023-09-22,2023,3,regular,San Francisco 49ers,New York Giants,25,19,SF,NYG,30,12,1,5.0,5.0,0,0,,,,
401547427,2023-09-24,2023,3,regular,Baltimore Ravens,Indianapolis Colts,33,11,BAL,IND,19,22,0,7.0,7.0,0,0,,,,
401547428,2023-09-24,2023,3,regular,Cleveland Browns,Tennessee Titans,5,10,CLE,TEN,27,3,1,5.0,7.0,0,0,,,,
401547429,2023-09-24,2023,3,regular,Miami Dolphins,Denver Broncos,15,7,MIA,DEN,70,20,1,6.0,7.0,0,0,,,,
401547430,2023-09-24,2023,3,regular,New York Jets,New England Patriots,20,17,NYJ,NE,10,15,0,7.0,6.0,1,0,,,,
401547431,2023-09-24,2023,3,regular,Washington Commanders,Buffalo Bills,28,2,WSH,BUF,3,37,0,7.0,7.0,0,0,,,,
401547432,2023-09-24,2023,3,regular,Seattle Seahawks,Carolina Panthers,26,29,SEA,CAR,37,27,1,7.0,6.0,0,0,,,,
401547433,2023-09-24,2023,3,regular,Detroit Lions,Atlanta Falcons,8,1,DET,ATL,20,6,1,7.0,7.0,0,0,,,,
401547434,2023-09-24,2023,3,regular,Green Bay Packers,New Orleans Saints,9,18,GB,NO,18,17,1,7.0,6.0,0,0,,,,
401547435,2023-09-24,2023,3,regular,Jacksonville Jaguars,Houston Texans,30,34,JAX,HOU,17,37,0,7.0,7.0,1,0,,,,
401547436,2023-09-24,2023,3,regular,Minnesota Vikings,Los Angeles Chargers,16,24,MIN,LAC,24,28,0,9.0,7.0,0,0,,,,
401547437,2023-09-24,2023,3,regular,Arizona Cardinals,Dallas Cowboys,22,6,ARI,DAL,28,16,1,7.0,7.0,0,0,,,,
401547438,2023-09-24,2023,3,regular,Kansas City Chiefs,Chicago Bears,12,3,KC,CHI,41,10,1,7.0,7.0,0,0,,,,
401547439,2023-09-25,2023,3,regular,Las Vegas Raiders,Pittsburgh Steelers,13,23,LV,PIT,18,23,0,8.0,6.0,0,0,,,,
401547440,2023-09-25,2023,3,regular,Tampa Bay Buccaneers,Philadelphia Eagles,27,21,TB,PHI,11,25,0,8.0,10.0,0,0,,,,
401547441,2023-09-26,2023,3,regular,Cincinnati Bengals,Los Angeles Rams,4,14,CIN,LAR,19,16,1,9.0,9.0,0,0,,,,
401547442,2023-09-29,2023,4,regular,Green Bay Packers,Detroit Lions,9,8,GB,DET,20,34,0,5.0,5.0,1,0,,,,
401547227,2023-10-01,2023,4,regular,Jacksonville Jaguars,Atlanta Falcons,30,1,JAX,ATL,23,7,1,7.0,7.0,0,1,,,,
401547443,2023-10-01,2023,4,regular,Buffalo Bills,Miami Dolphins,2,15,BUF,MIA,48,20,1,7.0,7.0,1,0,,,,
401547444,2023-10-01,2023,4,regular,Chicago Bears,Denver Broncos,3,7,CHI,DEN,28,31,0,7.0,7.0,0,0,,,,
401547445,2023-10-01,2023,4,regular,Cleveland Browns,Baltimore Ravens,5,33,CLE,BAL,3,28,0,7.0,7.0,1,0,,,,
401547446,2023-10-01,2023,4,regular,Houston Texans,Pittsburgh Steelers,34,23,HOU,PIT,30,6,1,7.0,6.0,0,0,,,,
401547447,2023-10-01,2023,4,regular,Los Angeles Chargers,Las Vegas Raiders,24,13,LAC,LV,24,17,1,7.0,6.0,1,0,,,,
401547448,2023-10-01,2023,4,regular,Carolina Panthers,Minnesota Vikings,29,16,CAR,MIN,13,21,0,7.0,7.0,0,0,,,,
401547449,2023-10-01,2023,4,regular,Indianapolis Colts,Los Angeles Rams,11,14,IND,LAR,23,29,0,7.0,5.0,0,0,,,,
401547450,2023-10-01,2023,4,regular,New Orleans Saints,Tampa Bay Buccaneers,18,27,NO,TB,9,26,0,7.0,6.0,1,0,,,,
401547451,2023-10-01,2023,4,regular,Philadelphia Eagles,Washington Commanders,21,28,PHI,WSH,34,31,1,6.0,7.0,1,0,,,,
401547452,2023-10-01,2023,4,regular,Tennessee Titans,Cincinnati Bengals,10,4,TEN,CIN,27,3,1,7.0,5.0,0,0,,,,
401547453,2023-10-01,2023,4,regular,Dallas Cowboys,New England Patriots,6,17,DAL,NE,38,3,1,7.0,7.0,0,0,,,,
401547454,2023-10-01,2023,4,regular,San Francisco 49ers,Arizona Cardinals,25,22,SF,ARI,35,16,1,9.0,7.0,1,0,,,,
401547455,2023-10-02,2023,4,regular,New York Jets,Kansas City Chiefs,20,12,NYJ,KC,20,23,0,8.0,8.0,0,0,,,,
401547456,2023-10-03,2023,4,regular,New York Giants,Seattle Seahawks,19,26,NYG,SEA,3,24,0,11.0,9.0,0,0,,,,
401547457,2023-10-06,2023,5,regular,Washington Commanders,Chicago Bears,28,3,WSH,CHI,20,40,0,5.0,5.0,0,0,,,,
401547228,2023-10-08,2023,5,regular,Buffalo Bills,Jacksonville Jaguars,2,30,BUF,JAX,20,25,0,7.0,7.0,0,1,,,,
401547458,2023-10-08,2023,5,regular,Indianapolis Colts,Tennessee Titans,11,10,IND,TEN,23,16,1,7.0,7.0,1,0,,,,
401547459,2023-10-08,2023,5,regular,New England Patriots,New Orleans Saints,17,18,NE,NO,0,34,0,7.0,7.0,0,0,,,,
401547460,2023-10-08,2023,5,regular,Pittsburgh Steelers,Baltimore Ravens,23,33,PIT,BAL,17,10,1,7.0,7.0,1,0,,,,
401547461,2023-10-08,2023,5,regular,Denver Broncos,New York Jets,7,20,DEN,NYJ,21,31,0,7.0,6.0,0,0,,,,
401547462,2023-10-08,2023,5,regular,Minnesota Vikings,Kansas City Chiefs,16,12,MIN,KC,20,27,0,7.0,6.0,0,0,,,,
401547463,2023-10-08,2023,5,regular,Atlanta Falcons,Houston Texans,1,34,ATL,HOU,21,19,1,7.0,7.0,0,0,,,,
401547464,2023-10-08,2023,5,regular,Detroit Lions,Carolina Panthers,8,29,DET,CAR,42,24,1,9.0,7.0,0,0,,,,
401547465,2023-10-08,2023,5,regular,Miami Dolphins,New York Giants,15,19,MIA,NYG,31,16,1,7.0,5.0,0,0,,,,
401547466,2023-10-08,2023,5,regular,Arizona Cardinals,Cincinnati Bengals,22,4,ARI,CIN,20,34,0,7.0,7.0,0,0,,,,
401547467,2023-10-08,2023,5,regular,Los Angeles Rams,Philadelphia Eagles,14,21,LAR,PHI,14,23,0,7.0,7.0,0,0,,,,
401547354,2023-10-09,2023,5,regular,San Francisco 49ers,Dallas Cowboys,25,6,SF,DAL,42,10,1,8.0,8.0,0,0,,,,
401547468,2023-10-10,2023,5,regular,Las Vegas Raiders,Green Bay Packers,13,9,LV,GB,17,13,1,9.0,11.0,0,0,,,,
401547469,2023-10-13,2023,6,regular,Kansas City Chiefs,Denver Broncos,12,7,KC,DEN,19,8,1,5.0,5.0,1,0,,,,
401547229,2023-10-15,2023,6,regular,Tennessee Titans,Baltimore Ravens,10,33,TEN,BAL,16,24,0,7.0,7.0,0,1,,,,
401547470,2023-10-15,2023,6,regular,Atlanta Falcons,Washington Commanders,1,28,ATL,WSH,16,24,0,7.0,9.0,0,0,,,,
401547471,2023-10-15,2023,6,regular,Cincinnati Bengals,Seattle Seahawks,4,26,CIN,SEA,17,13,1,7.0,12.0,0,0,,,,
401547472,2023-10-15,2023,6,regular,Jacksonville Jaguars,Indianapolis Colts,30,11,JAX,IND,37,20,1,7.0,7.0,1,0,,,,
401547473,2023-10-15,2023,6,regular,Miami Dolphins,Carolina Panthers,15,29,MIA,CAR,42,21,1,7.0,7.0,0,0,,,,
401547474,2023-10-15,2023,6,regular,Las Vegas Raiders,New England Patriots,13,17,LV,NE,21,17,1,5.0,7.0,0,0,,,,
401547475,2023-10-15,2023,6,regular,Chicago Bears,Minnesota Vikings,3,16,CHI,MIN,13,19,0,9.0,7.0,1,0,,,,
401547476,2023-10-15,2023,6,regular,Cleveland Browns,San Francisco 49ers,5,25,CLE,SF,19,17,1,14.0,6.0,0,0,,,,
401547477,2023-10-15,2023,6,regular,Houston Texans,New Orleans Saints,34,18,HOU,NO,20,13,1,7.0,7.0,0,0,,,,
401547478,2023-10-15,2023,6,regular,Tampa Bay Buccaneers,Detroit Lions,27,8,TB,DET,6,20,0,14.0,7.0,0,0,,,,
401547479,2023-10-15,2023,6,regular,Los Angeles Rams,Arizona Cardinals,14,22,LAR,ARI,26,9,1,7.0,7.0,1,0,,,,
401547480,2023-10-15,2023,6,regular,New York Jets,Philadelphia Eagles,20,21,NYJ,PHI,20,14,1,7.0,7.0,0,0,,,,
401547481,2023-10-16,2023,6,regular,Buffalo Bills,New York Giants,2,19,BUF,NYG,14,9,1,8.0,8.0,0,0,,,,
401547482,2023-10-17,2023,6,regular,Los Angeles Chargers,Dallas Cowboys,24,6,LAC,DAL,17,20,0,16.0,8.0,0,0,,,,
401547483,2023-10-20,2023,7,regular,New Orleans Saints,Jacksonville Jaguars,18,30,NO,JAX,24,31,0,5.0,5.0,0,0,,,,
401547484,2023-10-22,2023,7,regular,Indianapolis Colts,Cleveland Browns,11,5,IND,CLE,38,39,0,7.0,7.0,0,0,,,,
401547485,2023-10-22,2023,7,regular,New England Patriots,Buffalo Bills,17,2,NE,BUF,29,25,1,7.0,6.0,1,0,,,,
401547486,2023-10-22,2023,7,regular,New York Giants,Washington Commanders,19,28,NYG,WSH,14,7,1,6.0,7.0,1,0,,,,
401547487,2023-10-22,2023,7,regular,Denver Broncos,Green Bay Packers,7,9,DEN,GB,19,17,1,9.0,12.0,0,0,,,,
401547488,2023-10-22,2023,7,regular,Kansas City Chiefs,Los Angeles Chargers,12,24,KC,LAC,31,17,1,9.0,5.0,1,0,,,,
401547489,2023-10-22,2023,7,regular,Baltimore Ravens,Detroit Lions,33,8,BAL,DET,38,6,1,7.0,7.0,0,0,,,,
401547490,2023-10-22,2023,7,regular,Chicago Bears,Las Vegas Raiders,3,13,CHI,LV,30,12,1,7.0,7.0,0,0,,,,
401547491,2023-10-22,2023,7,regular,Tampa Bay Buccaneers,Atlanta Falcons,27,1,TB,ATL,13,16,0,7.0,7.0,1,0,,,,
401547492,2023-10-22,2023,7,regular,Los Angeles Rams,Pittsburgh Steelers,14,23,LAR,PIT,17,24,0,7.0,14.0,0,0,,,,
401547493,2023-10-22,2023,7,regular,Seattle Seahawks,Arizona Cardinals,26,22,SEA,ARI,20,10,1,7.0,7.0,1,0,,,,
401547494,2023-10-23,2023,7,regular,Philadelphia Eagles,Miami Dolphins,21,15,PHI,MIA,31,17,1,8.0,8.0,0,0,,,,
401547495,2023-10-24,2023,7,regular,Minnesota Vikings,San Francisco 49ers,16,25,MIN,SF,22,17,1,9.0,9.0,0,0,,,,
401547496,2023-10-27,2023,8,regular,Buffalo Bills,Tampa Bay Buccaneers,2,27,BUF,TB,24,18,1,5.0,5.0,0,0,,,,
401547497,2023-10-29,2023,8,regular,Miami Dolphins,New England Patriots,15,17,MIA,NE,31,17,1,6.0,7.0,1,0,,,,
401547498,2023-10-29,2023,8,regular,New York Giants,New York Jets,19,20,NYG,NYJ,10,13,0,7.0,14.0,0,0,,,,
401547499,2023-10-29,2023,8,regular,Pittsburgh Steelers,Jacksonville Jaguars,23,30,PIT,JAX,10,20,0,7.0,9.0,0,0,,,,
401547500,2023-10-29,2023,8,regular,Tennessee Titans,Atlanta Falcons,10,1,TEN,ATL,28,23,1,14.0,7.0,0,0,,,,
401547501,2023-10-29,2023,8,regular,Arizona Cardinals,Baltimore Ravens,22,33,ARI,BAL,24,31,0,7.0,7.0,0,0,,,,
401547502,2023-10-29,2023,8,regular,Denver Broncos,Kansas City Chiefs,7,12,DEN,KC,24,9,1,7.0,7.0,1,0,,,,
401547503,2023-10-29,2023,8,regular,San Francisco 49ers,Cincinnati Bengals,25,4,SF,CIN,17,31,0,5.0,14.0,0,0,,,,
401547504,2023-10-29,2023,8,regular,Carolina Panthers,Houston Texans,29,34,CAR,HOU,15,13,1,14.0,14.0,0,0,,,,
401547505,2023-10-29,2023,8,regular,Dallas Cowboys,Los Angeles Rams,6,14,DAL,LAR,43,20,1,12.0,7.0,0,0,,,,
401547506,2023-10-29,2023,8,regular,Green Bay Packers,Minnesota Vikings,9,16,GB,MIN,10,24,0,7.0,5.0,1,0,,,,
401547507,2023-10-29,2023,8,regular,Indianapolis Colts,New Orleans Saints,11,18,IND,NO,27,38,0,7.0,9.0,0,0,,,,
401547508,2023-10-29,2023,8,regular,Washington Commanders,Philadelphia Eagles,28,21,WSH,PHI,31,38,0,7.0,6.0,1,0,,,,
401547509,2023-10-29,2023,8,regular,Seattle Seahawks,Cleveland Browns,26,5,SEA,CLE,24,20,1,7.0,7.0,0,0,,,,
401547510,2023-10-30,2023,8,regular,Los Angeles Chargers,Chicago Bears,24,3,LAC,CHI,30,13,1,8.0,8.0,0,0,,,,
401547511,2023-10-31,2023,8,regular,Detroit Lions,Las Vegas Raiders,8,13,DET,LV,26,14,1,9.0,9.0,0,0,,,,
401547512,2023-11-03,2023,9,regular,Pittsburgh Steelers,Tennessee Titans,23,10,PIT,TEN,20,16,1,5.0,5.0,0,0,,,,
401547230,2023-11-05,2023,9,regular,Kansas City Chiefs,Miami Dolphins,12,15,KC,MIA,21,14,1,7.0,7.0,0,1,,,,
401547513,2023-11-05,2023,9,regular,Baltimore Ravens,Seattle Seahawks,33,26,BAL,SEA,37,3,1,7.0,7.0,0,0,,,,
401547514,2023-11-05,2023,9,regular,Cleveland Browns,Arizona Cardinals,5,22,CLE,ARI,27,0,1,7.0,7.0,0,0,,,,
401547515,2023-11-05,2023,9,regular,Houston Texans,Tampa Bay Buccaneers,34,27,HOU,TB,39,37,1,7.0,9.0,0,0,,,,
401547516,2023-11-05,2023,9,regular,New Orleans Saints,Chicago Bears,18,3,NO,CHI,24,17,1,7.0,6.0,0,0,,,,
401547517,2023-11-05,2023,9,regular,Carolina Panthers,Indianapolis Colts,29,11,CAR,IND,13,27,0,7.0,7.0,0,0,,,,
401547518,2023-11-05,2023,9,regular,Atlanta Falcons,Minnesota Vikings,1,16,ATL,MIN,28,31,0,7.0,7.0,0,0,,,,
401547519,2023-11-05,2023,9,regular,Green Bay Packers,Los Angeles Rams,9,14,GB,LAR,20,3,1,7.0,7.0,0,0,,,,
401547520,2023-11-05,2023,9,regular,New England Patriots,Washington Commanders,17,28,NE,WSH,17,20,0,7.0,7.0,0,0,,,,
401547521,2023-11-05,2023,9,regular,Las Vegas Raiders,New York Giants,13,19,LV,NYG,30,6,1,5.0,7.0,0,0,,,,
401547522,2023-11-05,2023,9,regular,Philadelphia Eagles,Dallas Cowboys,21,6,PHI,DAL,28,23,1,7.0,7.0,1,0,,,,
401547523,2023-11-06,2023,9,regular,Cincinnati Bengals,Buffalo Bills,4,2,CIN,BUF,24,18,1,8.0,10.0,0,0,,,,
401547524,2023-11-07,2023,9,regular,New York Jets,Los Angeles Chargers,20,24,NYJ,LAC,6,27,0,9.0,8.0,0,0,,,,
401547525,2023-11-10,2023,10,regular,Chicago Bears,Carolina Panthers,3,29,CHI,CAR,16,13,1,5.0,5.0,0,0,,,,
401547231,2023-11-12,2023,10,regular,New England Patriots,Indianapolis Colts,17,11,NE,IND,6,10,0,7.0,7.0,0,1,,,,
401547526,2023-11-12,2023,10,regular,Cincinnati Bengals,Houston Texans,4,34,CIN,HOU,27,30,0,6.0,7.0,0,0,,,,
401547527,2023-11-12,2023,10,regular,Pittsburgh Steelers,Green Bay Packers,23,9,PIT,GB,23,19,1,9.0,7.0,0,0,,,,
401547528,2023-11-12,2023,10,regular,Tampa Bay Buccaneers,Tennessee Titans,27,10,TB,TEN,20,6,1,7.0,9.0,0,0,,,,
401547529,2023-11-12,2023,10,regular,Arizona Cardinals,Atlanta Falcons,22,1,ARI,ATL,25,23,1,7.0,7.0,0,0,,,,
401547530,2023-11-12,2023,10,regular,Los Angeles Chargers,Detroit Lions,24,8,LAC,DET,38,41,0,5.0,12.0,0,0,,,,
401547531,2023-11-12,2023,10,regular,Baltimore Ravens,Cleveland Browns,33,5,BAL,CLE,31,33,0,7.0,7.0,1,0,,,,
401547532,2023-11-12,2023,10,regular,Jacksonville Jaguars,San Francisco 49ers,30,25,JAX,SF,3,34,0,14.0,14.0,0,0,,,,
401547533,2023-11-12,2023,10,regular,Minnesota Vikings,New Orleans Saints,16,18,MIN,NO,27,19,1,7.0,7.0,0,0,,,,
401547534,2023-11-12,2023,10,regular,Dallas Cowboys,New York Giants,6,19,DAL,NYG,49,17,1,7.0,7.0,1,0,,,,
401547535,2023-11-12,2023,10,regular,Seattle Seahawks,Washington Commanders,26,28,SEA,WSH,29,26,1,7.0,7.0,0,0,,,,
401547536,2023-11-13,2023,10,regular,Las Vegas Raiders,New York Jets,13,20,LV,NYJ,16,12,1,8.0,6.0,0,0,,,,
401547537,2023-11-14,2023,10,regular,Buffalo Bills,Denver Broncos,2,7,BUF,DEN,22,24,0,8.0,16.0,0,0,,,,
401547538,2023-11-17,2023,11,regular,Baltimore Ravens,Cincinnati Bengals,33,4,BAL,CIN,34,20,1,5.0,5.0,1,0,,,,
401547539,2023-11-19,2023,11,regular,Cleveland Browns,Pittsburgh Steelers,5,23,CLE,PIT,13,10,1,7.0,7.0,1,0,,,,
401547540,2023-11-19,2023,11,regular,Houston Texans,Arizona Cardinals,34,22,HOU,ARI,21,16,1,7.0,7.0,0,0,,,,
401547541,2023-11-19,2023,11,regular,Jacksonville Jaguars,Tennessee Titans,30,10,JAX,TEN,34,14,1,7.0,7.0,1,0,,,,
401547542,2023-11-19,2023,11,regular,Miami Dolphins,Las Vegas Raiders,15,13,MIA,LV,20,13,1,14.0,6.0,0,0,,,,
401547543,2023-11-19,2023,11,regular,Buffalo Bills,New York Jets,2,20,BUF,NYJ,32,6,1,5.0,6.0,1,0,,,,
401547544,2023-11-19,2023,11,regular,Los Angeles Rams,Seattle Seahawks,14,26,LAR,SEA,17,16,1,14.0,7.0,1,0,,,,
401547545,2023-11-19,2023,11,regular,Carolina Panthers,Dallas Cowboys,29,6,CAR,DAL,10,33,0,9.0,7.0,0,0,,,,
401547546,2023-11-19,2023,11,regular,Detroit Lions,Chicago Bears,8,3,DET,CHI,31,26,1,7.0,9.0,1,0,,,,
401547547,2023-11-19,2023,11,regular,Green Bay Packers,Los Angeles Chargers,9,24,GB,LAC,23,20,1,7.0,7.0,0,0,,,,
401547548,2023-11-19,2023,11,regular,Washington Commanders,New York Giants,28,19,WSH,NYG,19,31,0,7.0,7.0,1,0,,,,
401547549,2023-11-19,2023,11,regular,San Francisco 49ers,Tampa Bay Buccaneers,25,27,SF,TB,27,14,1,7.0,7.0,0,0,,,,
401547550,2023-11-20,2023,11,regular,Denver Broncos,Minnesota Vikings,7,16,DEN,MIN,21,20,1,6.0,8.0,0,0,,,,
401547345,2023-11-21,2023,11,regular,Kansas City Chiefs,Philadelphia Eagles,12,21,KC,PHI,17,21,0,16.0,16.0,0,0,,,,
401547551,2023-11-23,2023,12,regular,Dallas Cowboys,Washington Commanders,6,28,DAL,WSH,45,10,1,4.0,4.0,1,0,,,,
401547552,2023-11-23,2023,12,regular,Detroit Lions,Green Bay Packers,8,9,DET,GB,22,29,0,4.0,4.0,1,0,,,,
401547242,2023-11-24,2023,12,regular,New York Jets,Miami Dolphins,20,15,NYJ,MIA,13,34,0,5.0,5.0,1,0,,,,
401547553,2023-11-24,2023,12,regular,Seattle Seahawks,San Francisco 49ers,26,25,SEA,SF,13,31,0,5.0,5.0,1,0,,,,
401547554,2023-11-26,2023,12,regular,Cincinnati Bengals,Pittsburgh Steelers,4,23,CIN,PIT,10,16,0,9.0,7.0,1,0,,,,
401547555,2023-11-26,2023,12,regular,Houston Texans,Jacksonville Jaguars,34,30,HOU,JAX,21,24,0,7.0,7.0,1,0,,,,
401547556,2023-11-26,2023,12,regular,Indianapolis Colts,Tampa Bay Buccaneers,11,27,IND,TB,27,20,1,14.0,7.0,0,0,,,,
401547557,2023-11-26,2023,12,regular,Las Vegas Raiders,Kansas City Chiefs,13,12,LV,KC,17,31,0,7.0,5.0,1,0,,,,
401547558,2023-11-26,2023,12,regular,Philadelphia Eagles,Buffalo Bills,21,2,PHI,BUF,37,34,1,5.0,7.0,0,0,,,,
401547559,2023-11-26,2023,12,regular,Atlanta Falcons,New Orleans Saints,1,18,ATL,NO,24,15,1,14.0,14.0,1,0,,,,
401547560,2023-11-26,2023,12,regular,New York Giants,New England Patriots,19,17,NYG,NE,10,7,1,7.0,14.0,0,0,,,,
401547561,2023-11-26,2023,12,regular,Tennessee Titans,Carolina Panthers,10,29,TEN,CAR,17,10,1,7.0,7.0,0,0,,,,
401547562,2023-11-26,2023,12,regular,Arizona Cardinals,Los Angeles Rams,22,14,ARI,LAR,14,37,0,7.0,7.0,1,0,,,,
401547563,2023-11-26,2023,12,regular,Denver Broncos,Cleveland Browns,7,5,DEN,CLE,29,12,1,6.0,7.0,0,0,,,,
401547564,2023-11-27,2023,12,regular,Los Angeles Chargers,Baltimore Ravens,24,33,LAC,BAL,10,20,0,8.0,10.0,0,0,,,,
401547565,2023-11-28,2023,12,regular,Minnesota Vikings,Chicago Bears,16,3,MIN,CHI,10,12,0,8.0,9.0,1,0,,,,
401547566,2023-12-01,2023,13,regular,Dallas Cowboys,Seattle Seahawks,6,26,DAL,SEA,41,35,1,8.0,7.0,0,0,,,,
401547276,2023-12-03,2023,13,regular,Philadelphia Eagles,San Francisco 49ers,21,25,PHI,SF,19,42,0,7.0,9.0,0,0,,,,
401547567,2023-12-03,2023,13,regular,New England Patriots,Los Angeles Chargers,17,24,NE,LAC,0,6,0,7.0,6.0,0,0,,,,
401547568,2023-12-03,2023,13,regular,Pittsburgh Steelers,Arizona Cardinals,23,22,PIT,ARI,10,24,0,7.0,7.0,0,0,,,,
401547569,2023-12-03,2023,13,regular,Tampa Bay Buccaneers,Carolina Panthers,27,29,TB,CAR,21,18,1,7.0,7.0,1,0,,,,
401547570,2023-12-03,2023,13,regular,Tennessee Titans,Indianapolis Colts,10,11,TEN,IND,28,31,0,7.0,7.0,1,0,,,,
401547571,2023-12-03,2023,13,regular,Houston Texans,Denver Broncos,34,7,HOU,DEN,22,17,1,7.0,7.0,0,0,,,,
401547572,2023-12-03,2023,13,regular,New Orleans Saints,Detroit Lions,18,8,NO,DET,28,33,0,7.0,10.0,0,0,,,,
401547573,2023-12-03,2023,13,regular,New York Jets,Atlanta Falcons,20,1,NYJ,ATL,8,13,0,9.0,7.0,0,0,,,,
401547574,2023-12-03,2023,13,regular,Washington Commanders,Miami Dolphins,28,15,WSH,MIA,15,45,0,10.0,9.0,0,0,,,,
401547575,2023-12-03,2023,13,regular,Los Angeles Rams,Cleveland Browns,14,5,LAR,CLE,36,19,1,7.0,7.0,0,0,,,,
401547576,2023-12-04,2023,13,regular,Green Bay Packers,Kansas City Chiefs,9,12,GB,KC,27,19,1,11.0,8.0,0,0,,,,
401547577,2023-12-05,2023,13,regular,Jacksonville Jaguars,Cincinnati Bengals,30,4,JAX,CIN,31,34,0,9.0,9.0,0,0,,,,
401547578,2023-12-08,2023,14,regular,Pittsburgh Steelers,New England Patriots,23,17,PIT,NE,18,21,0,5.0,5.0,0,0,,,,
401547579,2023-12-10,2023,14,regular,Atlanta Falcons,Tampa Bay Buccaneers,1,27,ATL,TB,25,29,0,7.0,7.0,1,0,,,,
401547580,2023-12-10,2023,14,regular,Cincinnati Bengals,Indianapolis Colts,4,11,CIN,IND,34,14,1,5.0,7.0,0,0,,,,
401547581,2023-12-10,2023,14,regular,Cleveland Browns,Jacksonville Jaguars,5,30,CLE,JAX,31,27,1,7.0,5.0,0,0,,,,
401547582,2023-12-10,2023,14,regular,New York Jets,Houston Texans,20,34,NYJ,HOU,30,6,1,7.0,7.0,0,0,,,,
401547583,2023-12-10,2023,14,regular,Kansas City Chiefs,Buffalo Bills,12,2,KC,BUF,17,20,0,6.0,14.0,0,0,,,,
401547584,2023-12-10,2023,14,regular,Los Angeles Chargers,Denver Broncos,24,7,LAC,DEN,7,24,0,7.0,7.0,1,0,,,,
401547585,2023-12-10,2023,14,regular,Baltimore Ravens,Los Angeles Rams,33,14,BAL,LAR,37,31,1,13.0,7.0,0,0,,,,
401547586,2023-12-10,2023,14,regular,Chicago Bears,Detroit Lions,3,8,CHI,DET,28,13,1,12.0,7.0,1,0,,,,
401547587,2023-12-10,2023,14,regular,New Orleans Saints,Carolina Panthers,18,29,NO,CAR,28,6,1,7.0,7.0,1,0,,,,
401547588,2023-12-10,2023,14,regular,Las Vegas Raiders,Minnesota Vikings,13,16,LV,MIN,0,3,0,14.0,12.0,0,0,,,,
401547589,2023-12-10,2023,14,regular,San Francisco 49ers,Seattle Seahawks,25,26,SF,SEA,28,16,1,7.0,9.0,1,0,,,,
401547590,2023-12-11,2023,14,regular,Dallas Cowboys,Philadelphia Eagles,6,21,DAL,PHI,33,13,1,10.0,8.0,1,0,,,,
401547591,2023-12-12,2023,14,regular,New York Giants,Green Bay Packers,19,9,NYG,GB,24,22,1,16.0,8.0,0,0,,,,
401547592,2023-12-12,2023,14,regular,Miami Dolphins,Tennessee Titans,15,10,MIA,TEN,27,28,0,9.0,9.0,0,0,,,,
401547593,2023-12-15,2023,15,regular,Las Vegas Raiders,Los Angeles Chargers,13,24,LV,LAC,63,21,1,5.0,5.0,1,0,,,,
401547604,2023-12-16,2023,15,regular,Cincinnati Bengals,Minnesota Vikings,4,16,CIN,MIN,27,24,1,6.0,6.0,0,0,,,,
401547607,2023-12-16,2023,15,regular,Indianapolis Colts,Pittsburgh Steelers,11,23,IND,PIT,30,13,1,6.0,8.0,0,0,,,,
401547594,2023-12-17,2023,15,regular,Miami Dolphins,New York Jets,15,20,MIA,NYJ,30,0,1,5.0,7.0,1,0,,,,
401547595,2023-12-17,2023,15,regular,Tennessee Titans,Houston Texans,10,34,TEN,HOU,16,19,0,5.0,7.0,1,0,,,,
401547596,2023-12-17,2023,15,regular,Arizona Cardinals,San Francisco 49ers,22,25,ARI,SF,29,45,0,14.0,7.0,1,0,,,,
401547597,2023-12-17,2023,15,regular,Los Angeles Rams,Washington Commanders,14,28,LAR,WSH,28,20,1,7.0,14.0,0,0,,,,
401547598,2023-12-17,2023,15,regular,Green Bay Packers,Tampa Bay Buccaneers,9,27,GB,TB,20,34,0,5.0,7.0,0,0,,,,
401547599,2023-12-17,2023,15,regular,New Orleans Saints,New York Giants,18,19,NO,NYG,24,6,1,7.0,5.0,0,0,,,,
401547600,2023-12-17,2023,15,regular,Buffalo Bills,Dallas Cowboys,2,6,BUF,DAL,31,10,1,7.0,6.0,0,0,,,,
401547603,2023-12-17,2023,15,regular,Carolina Panthers,Atlanta Falcons,29,1,CAR,ATL,9,7,1,7.0,7.0,1,0,,,,
401547605,2023-12-17,2023,15,regular,Cleveland Browns,Chicago Bears,5,3,CLE,CHI,20,17,1,7.0,7.0,0,0,,,,
401547606,2023-12-17,2023,15,regular,Detroit Lions,Denver Broncos,8,7,DET,DEN,42,17,1,7.0,7.0,0,0,,,,
401547608,2023-12-17,2023,15,regular,New England Patriots,Kansas City Chiefs,17,12,NE,KC,17,27,0,9.0,7.0,0,0,,,,
401547602,2023-12-18,2023,15,regular,Jacksonville Jaguars,Baltimore Ravens,30,33,JAX,BAL,7,23,0,8.0,8.0,0,0,,,,
401547601,2023-12-19,2023,15,regular,Seattle Seahawks,Philadelphia Eagles,26,21,SEA,PHI,20,17,1,9.0,8.0,0,0,,,,
401547609,2023-12-22,2023,16,regular,Los Angeles Rams,New Orleans Saints,14,18,LAR,NO,30,22,1,5.0,5.0,0,0,,,,
401547610,2023-12-23,2023,16,regular,Pittsburgh Steelers,Cincinnati Bengals,23,4,PIT,CIN,34,11,1,7.0,7.0,1,0,,,,
401547611,2023-12-24,2023,16,regular,Los Angeles Chargers,Buffalo Bills,24,2,LAC,BUF,22,24,0,9.0,7.0,0,0,,,,
401547612,2023-12-24,2023,16,regular,Houston Texans,Cleveland Browns,34,5,HOU,CLE,22,36,0,7.0,7.0,0,0,,,,
401547613,2023-12-24,2023,16,regular,New York Jets,Washington Commanders,20,28,NYJ,WSH,30,28,1,7.0,7.0,0,0,,,,
401547614,2023-12-24,2023,16,regular,Tennessee Titans,Seattle Seahawks,10,26,TEN,SEA,17,20,0,7.0,5.0,0,0,,,,
401547615,2023-12-24,2023,16,regular,Tampa Bay Buccaneers,Jacksonville Jaguars,27,30,TB,JAX,30,12,1,7.0,6.0,0,0,,,,
401547616,2023-12-24,2023,16,regular,Atlanta Falcons,Indianapolis Colts,1,11,ATL,IND,29,10,1,7.0,8.0,0,0,,,,
401547617,2023-12-24,2023,16,regular,Carolina Panthers,Green Bay Packers,29,9,CAR,GB,30,33,0,7.0,7.0,0,0,,,,
401547618,2023-12-24,2023,16,regular,Minnesota Vikings,Detroit Lions,16,8,MIN,DET,24,30,0,8.0,7.0,1,0,,,,
401547619,2023-12-24,2023,16,regular,Chicago Bears,Arizona Cardinals,3,22,CHI,ARI,27,16,1,7.0,7.0,0,0,,,,
401547620,2023-12-24,2023,16,regular,Miami Dolphins,Dallas Cowboys,15,6,MIA,DAL,22,20,1,7.0,7.0,0,0,,,,
401547241,2023-12-25,2023,16,regular,Philadelphia Eagles,New York Giants,21,19,PHI,NYG,33,25,1,6.0,8.0,1,0,,,,
401547351,2023-12-25,2023,16,regular,Kansas City Chiefs,Las Vegas Raiders,12,13,KC,LV,14,20,0,8.0,10.0,1,0,,,,
401547621,2023-12-25,2023,16,regular,Denver Broncos,New England Patriots,7,17,DEN,NE,23,26,0,8.0,8.0,0,0,,,,
401547622,2023-12-26,2023,16,regular,San Francisco 49ers,Baltimore Ravens,25,33,SF,BAL,19,33,0,9.0,8.0,0,0,,,,
401547623,2023-12-29,2023,17,regular,Cleveland Browns,New York Jets,5,20,CLE,NYJ,37,20,1,5.0,5.0,0,0,,,,
401547235,2023-12-31,2023,17,regular,Kansas City Chiefs,Cincinnati Bengals,12,4,KC,CIN,25,17,1,6.0,8.0,0,0,,,,
401547624,2023-12-31,2023,17,regular,Dallas Cowboys,Detroit Lions,6,8,DAL,DET,20,19,1,7.0,7.0,0,0,,,,
401547625,2023-12-31,2023,17,regular,Baltimore Ravens,Miami Dolphins,33,15,BAL,MIA,56,19,1,5.0,7.0,0,0,,,,
401547626,2023-12-31,2023,17,regular,Buffalo Bills,New England Patriots,2,17,BUF,NE,27,21,1,7.0,6.0,1,0,,,,
401547627,2023-12-31,2023,17,regular,Chicago Bears,Atlanta Falcons,3,1,CHI,ATL,37,17,1,7.0,7.0,0,0,,,,
401547628,2023-12-31,2023,17,regular,Indianapolis Colts,Las Vegas Raiders,11,13,IND,LV,23,20,1,7.0,6.0,0,0,,,,
401547629,2023-12-31,2023,17,regular,Jacksonville Jaguars,Carolina Panthers,30,29,JAX,CAR,26,0,1,7.0,7.0,0,0,,,,
401547630,2023-12-31,2023,17,regular,Denver Broncos,Los Angeles Chargers,7,24,DEN,LAC,16,9,1,6.0,7.0,1,0,,,,
401547631,2023-12-31,2023,17,regular,Houston Texans,Tennessee Titans,34,10,HOU,TEN,26,3,1,7.0,7.0,1,0,,,,
401547632,2023-12-31,2023,17,regular,New York Giants,Los Angeles Rams,19,14,NYG,LAR,25,26,0,6.0,9.0,0,0,,,,
401547633,2023-12-31,2023,17,regular,Philadelphia Eagles,Arizona Cardinals,21,22,PHI,ARI,31,35,0,6.0,7.0,0,0,,,,
401547634,2023-12-31,2023,17,regular,Tampa Bay Buccaneers,New Orleans Saints,27,18,TB,NO,13,23,0,7.0,9.0,1,0,,,,
401547635,2023-12-31,2023,17,regular,Washington Commanders,San Francisco 49ers,28,25,WSH,SF,10,27,0,7.0,5.0,0,0,,,,
401547636,2023-12-31,2023,17,regular,Seattle Seahawks,Pittsburgh Steelers,26,23,SEA,PIT,23,30,0,7.0,8.0,0,0,,,,
401547637,2024-01-01,2023,17,regular,Minnesota Vikings,Green Bay Packers,16,9,MIN,GB,10,33,0,8.0,8.0,1,0,,,,
401547639,2024-01-06,2023,18,regular,Baltimore Ravens,Pittsburgh Steelers,33,23,BAL,PIT,10,17,0,6.0,6.0,1,0,,,,
401547638,2024-01-07,2023,18,regular,Arizona Cardinals,Seattle Seahawks,22,26,ARI,SEA,20,21,0,7.0,7.0,1,0,,,,
401547640,2024-01-07,2023,18,regular,Carolina Panthers,Tampa Bay Buccaneers,29,27,CAR,TB,0,9,0,7.0,7.0,1,0,,,,
401547641,2024-01-07,2023,18,regular,Cincinnati Bengals,Cleveland Browns,4,5,CIN,CLE,31,14,1,7.0,9.0,1,0,,,,
401547642,2024-01-07,2023,18,regular,Detroit Lions,Minnesota Vikings,8,16,DET,MIN,30,20,1,7.0,6.0,1,0,,,,
401547643,2024-01-07,2023,18,regular,Green Bay Packers,Chicago Bears,9,3,GB,CHI,17,9,1,6.0,7.0,1,0,,,,
401547644,2024-01-07,2023,18,regular,Indianapolis Colts,Houston Texans,11,34,IND,HOU,19,23,0,7.0,7.0,1,0,,,,
401547645,2024-01-07,2023,18,regular,Los Angeles Chargers,Kansas City Chiefs,24,12,LAC,KC,12,13,0,7.0,7.0,1,0,,,,
401547646,2024-01-07,2023,18,regular,Las Vegas Raiders,Denver Broncos,13,7,LV,DEN,27,14,1,7.0,7.0,1,0,,,,
401547648,2024-01-07,2023,18,regular,New England Patriots,New York Jets,17,20,NE,NYJ,3,17,0,7.0,9.0,1,0,,,,
401547649,2024-01-07,2023,18,regular,New Orleans Saints,Atlanta Falcons,18,1,NO,ATL,48,17,1,7.0,7.0,1,0,,,,
401547650,2024-01-07,2023,18,regular,New York Giants,Philadelphia Eagles,19,21,NYG,PHI,27,10,1,7.0,7.0,1,0,,,,
401547651,2024-01-07,2023,18,regular,San Francisco 49ers,Los Angeles Rams,25,14,SF,LAR,20,21,0,7.0,7.0,1,0,,,,
401547652,2024-01-07,2023,18,regular,Tennessee Titans,Jacksonville Jaguars,10,30,TEN,JAX,28,20,1,7.0,7.0,1,0,,,,
401547653,2024-01-07,2023,18,regular,Washington Commanders,Dallas Cowboys,28,6,WSH,DAL,10,38,0,7.0,7.0,1,0,,,,
401547647,2024-01-08,2023,18,regular,Miami Dolphins,Buffalo Bills,15,2,MIA,BUF,14,21,0,8.0,8.0,1,0,,,,
401671610,2024-08-02,2024,1,preseason,Chicago Bears,Houston Texans,3,34,CHI,HOU,21,17,1,7.0,7.0,0,1,,,,
401671918,2024-08-08,2024,2,preseason,New England Patriots,Carolina Panthers,17,29,NE,CAR,17,3,1,7.0,7.0,0,0,,,,
401673457,2024-08-08,2024,2,preseason,New York Giants,Detroit Lions,19,8,NYG,DET,14,3,1,7.0,7.0,0,0,,,,
401671897,2024-08-09,2024,2,preseason,Baltimore Ravens,Philadelphia Eagles,33,21,BAL,PHI,13,16,0,7.0,7.0,0,0,,,,
401671905,2024-08-09,2024,2,preseason,Pittsburgh Steelers,Houston Texans,23,34,PIT,HOU,12,20,0,7.0,7.0,0,0,,,,
401671915,2024-08-09,2024,2,preseason,Miami Dolphins,Atlanta Falcons,15,1,MIA,ATL,20,13,1,7.0,7.0,0,0,,,,
401671615,2024-08-10,2024,2,preseason,Buffalo Bills,Chicago Bears,2,3,BUF,CHI,6,33,0,7.0,8.0,0,0,,,,
401671900,2024-08-10,2024,2,preseason,Cincinnati Bengals,Tampa Bay Buccaneers,4,27,CIN,TB,14,17,0,7.0,7.0,0,0,,,,
401671902,2024-08-10,2024,2,preseason,Cleveland Browns,Green Bay Packers,5,9,CLE,GB,10,23,0,7.0,7.0,0,0,,,,
401671907,2024-08-10,2024,2,preseason,Los Angeles Chargers,Seattle Seahawks,24,26,LAC,SEA,3,16,0,7.0,7.0,0,0,,,,
401671910,2024-08-10,2024,2,preseason,Jacksonville Jaguars,Kansas City Chiefs,30,12,JAX,KC,26,13,1,7.0,7.0,0,0,,,,
401672005,2024-08-10,2024,2,preseason,Minnesota Vikings,Las Vegas Raiders,16,13,MIN,LV,24,23,1,7.0,7.0,0,0,,,,
401673171,2024-08-10,2024,2,preseason,New York Jets,Washington Commanders,20,28,NYJ,WSH,20,17,1,7.0,7.0,0,0,,,,
401673472,2024-08-10,2024,2,preseason,Tennessee Titans,San Francisco 49ers,10,25,TEN,SF,17,13,1,7.0,7.0,0,0,,,,
401671913,2024-08-11,2024,2,preseason,Los Angeles Rams,Dallas Cowboys,14,6,LAR,DAL,13,12,1,7.0,7.0,0,0,,,,
401671920,2024-08-11,2024,2,preseason,Indianapolis Colts,Denver Broncos,11,7,IND,DEN,30,34,0,7.0,7.0,0,0,,,,
401673456,2024-08-11,2024,2,preseason,Arizona Cardinals,New Orleans Saints,22,18,ARI,NO,14,16,0,7.0,7.0,0,0,,,,
401671919,2024-08-15,2024,3,preseason,New England Patriots,Philadelphia Eagles,17,21,NE,PHI,13,14,0,7.0,6.0,0,0,,,,
401671898,2024-08-17,2024,3,preseason,Baltimore Ravens,Atlanta Falcons,33,1,BAL,ATL,13,12,1,8.0,8.0,0,0,,,,
401671901,2024-08-17,2024,3,preseason,Chicago Bears,Cincinnati Bengals,3,4,CHI,CIN,27,3,1,7.0,7.0,0,0,,,,
401671903,2024-08-17,2024,3,preseason,Cleveland Browns,Minnesota Vikings,5,16,CLE,MIN,12,27,0,7.0,7.0,0,0,,,,
401671906,2024-08-17,2024,3,preseason,Pittsburgh Steelers,Buffalo Bills,23,2,PIT,BUF,3,9,0,8.0,7.0,0,0,,,,
401671908,2024-08-17,2024,3,preseason,Los Angeles Chargers,Los Angeles Rams,24,14,LAC,LAR,9,13,0,7.0,6.0,0,0,,,,
401671911,2024-08-17,2024,3,preseason,Kansas City Chiefs,Detroit Lions,12,8,KC,DET,23,24,0,7.0,9.0,0,0,,,,
401671916,2024-08-17,2024,3,preseason,Miami Dolphins,Washington Commanders,15,28,MIA,WSH,13,6,1,8.0,7.0,0,0,,,,
401671924,2024-08-17,2024,3,preseason,Houston Texans,New York Giants,34,19,HOU,NYG,28,10,1,8.0,9.0,0,0,,,,
401671925,2024-08-17,2024,3,preseason,Jacksonville Jaguars,Tampa Bay Buccaneers,30,27,JAX,TB,20,7,1,7.0,7.0,0,0,,,,
401671936,2024-08-17,2024,3,preseason,Indianapolis Colts,Arizona Cardinals,11,22,IND,ARI,21,13,1,6.0,6.0,0,0,,,,
401673562,2024-08-17,2024,3,preseason,Tennessee Titans,Seattle Seahawks,10,26,TEN,SEA,16,15,1,7.0,7.0,0,0,,,,
401676591,2024-08-17,2024,3,preseason,Carolina Panthers,New York Jets,29,20,CAR,NYJ,12,15,0,9.0,7.0,0,0,,,,
401672897,2024-08-18,2024,3,preseason,Las Vegas Raiders,Dallas Cowboys,13,6,LV,DAL,12,27,0,8.0,7.0,0,0,,,,
401671611,2024-08-19,2024,3,preseason,San Francisco 49ers,New Orleans Saints,25,18,SF,NO,16,10,1,9.0,8.0,0,0,,,,
401671921,2024-08-19,2024,3,preseason,Denver Broncos,Green Bay Packers,7,9,DEN,GB,27,2,1,8.0,9.0,0,0,,,,
401671612,2024-08-23,2024,4,preseason,Cincinnati Bengals,Indianapolis Colts,4,11,CIN,IND,14,27,0,6.0,6.0,0,0,,,,
401671912,2024-08-23,2024,4,preseason,Kansas City Chiefs,Chicago Bears,12,3,KC,CHI,21,34,0,6.0,6.0,0,0,,,,
401671917,2024-08-23,2024,4,preseason,Tampa Bay Buccaneers,Miami Dolphins,27,15,TB,MIA,24,14,1,6.0,6.0,0,0,,,,
401671922,2024-08-23,2024,4,preseason,Atlanta Falcons,Jacksonville Jaguars,1,30,ATL,JAX,0,31,0,6.0,6.0,0,0,,,,
401671896,2024-08-24,2024,4,preseason,Buffalo Bills,Carolina Panthers,2,29,BUF,CAR,26,31,0,7.0,7.0,0,0,,,,
401671899,2024-08-24,2024,4,preseason,Green Bay Packers,Baltimore Ravens,9,33,GB,BAL,30,7,1,5.0,7.0,0,0,,,,
401671909,2024-08-24,2024,4,preseason,Dallas Cowboys,Los Angeles Chargers,6,24,DAL,LAC,19,26,0,6.0,7.0,0,0,,,,
401671914,2024-08-24,2024,4,preseason,Houston Texans,Los Angeles Rams,34,14,HOU,LAR,17,15,1,7.0,7.0,0,0,,,,
401672006,2024-08-24,2024,4,preseason,Philadelphia Eagles,Minnesota Vikings,21,16,PHI,MIN,3,26,0,9.0,7.0,0,0,,,,
401673172,2024-08-24,2024,4,preseason,New York Jets,New York Giants,20,19,NYJ,NYG,10,6,1,7.0,7.0,0,0,,,,
401673458,2024-08-24,2024,4,preseason,Detroit Lions,Pittsburgh Steelers,8,23,DET,PIT,24,17,1,7.0,7.0,0,0,,,,
401671613,2024-08-25,2024,4,preseason,Denver Broncos,Arizona Cardinals,7,22,DEN,ARI,38,12,1,6.0,8.0,0,0,,,,
401671904,2024-08-25,2024,4,preseason,Seattle Seahawks,Cleveland Browns,26,5,SEA,CLE,37,33,1,8.0,8.0,0,0,,,,
401673561,2024-08-25,2024,4,preseason,New Orleans Saints,Tennessee Titans,18,10,NO,TEN,27,30,0,6.0,8.0,0,0,,,,
401671614,2024-08-26,2024,4,preseason,Washington Commanders,New England Patriots,28,17,WSH,NE,20,10,1,9.0,11.0,0,0,,,,
401671789,2024-09-06,2024,1,regular,Kansas City Chiefs,Baltimore Ravens,12,33,KC,BAL,27,20,1,14.0,13.0,0,0,,,,
401671805,2024-09-07,2024,1,regular,Philadelphia Eagles,Green Bay Packers,21,9,PHI,GB,34,29,1,14.0,14.0,0,1,,,,
401671617,2024-09-08,2024,1,regular,Buffalo Bills,Arizona Cardinals,2,22,BUF,ARI,34,28,1,15.0,14.0,0,0,,,,
401671628,2024-09-08,2024,1,regular,Cincinnati Bengals,New England Patriots,4,17,CIN,NE,10,16,0,16.0,13.0,0,0,,,,
401671659,2024-09-08,2024,1,regular,Los Angeles Chargers,Las Vegas Raiders,24,13,LAC,LV,22,10,1,15.0,21.0,1,0,,,,
401671664,2024-09-08,2024,1,regular,Seattle Seahawks,Denver Broncos,26,7,SEA,DEN,26,20,1,14.0,14.0,0,0,,,,
401671712,2024-09-08,2024,1,regular,New York Giants,Minnesota Vikings,19,16,NYG,MIN,6,28,0,15.0,15.0,0,0,,,,
401671719,2024-09-08,2024,1,regular,Chicago Bears,Tennessee Titans,3,10,CHI,TEN,24,17,1,16.0,14.0,0,0,,,,
401671734,2024-09-08,2024,1,regular,New Orleans Saints,Carolina Panthers,18,29,NO,CAR,47,10,1,14.0,15.0,1,0,,,,
401671744,2024-09-08,2024,1,regular,Atlanta Falcons,Pittsburgh Steelers,1,23,ATL,PIT,10,18,0,16.0,15.0,0,0,,,,
401671761,2024-09-08,2024,1,regular,Cleveland Browns,Dallas Cowboys,5,6,CLE,DAL,17,33,0,14.0,15.0,0,0,,,,
401671770,2024-09-08,2024,1,regular,Tampa Bay Buccaneers,Washington Commanders,27,28,TB,WSH,37,20,1,16.0,13.0,0,0,,,,
401671849,2024-09-08,2024,1,regular,Miami Dolphins,Jacksonville Jaguars,15,30,MIA,JAX,20,17,1,16.0,16.0,0,0,,,,
401671861,2024-09-08,2024,1,regular,Indianapolis Colts,Houston Texans,11,34,IND,HOU,27,29,0,16.0,15.0,1,0,,,,
401671792,2024-09-09,2024,1,regular,Detroit Lions,Los Angeles Rams,8,14,DET,LAR,26,20,1,16.0,16.0,0,0,,,,
401671696,2024-09-10,2024,1,regular,San Francisco 49ers,New York Jets,25,20,SF,NYJ,32,19,1,7.0,17.0,0,0,,,,
401671807,2024-09-13,2024,2,regular,Miami Dolphins,Buffalo Bills,15,2,MIA,BUF,10,31,0,5.0,5.0,1,0,,,,
401671624,2024-09-15,2024,2,regular,Baltimore Ravens,Las Vegas Raiders,33,13,BAL,LV,23,26,0,9.0,7.0,0,0,,,,
401671635,2024-09-15,2024,2,regular,Jacksonville Jaguars,Cleveland Browns,30,5,JAX,CLE,13,18,0,7.0,7.0,0,0,,,,
401671636,2024-09-15,2024,2,regular,Tennessee Titans,New York Jets,10,20,TEN,NYJ,17,24,0,7.0,5.0,0,0,,,,
401671645,2024-09-15,2024,2,regular,Minnesota Vikings,San Francisco 49ers,16,25,MIN,SF,23,17,1,7.0,5.0,0,0,,,,
401671652,2024-09-15,2024,2,regular,Carolina Panthers,Los Angeles Chargers,29,24,CAR,LAC,3,26,0,7.0,7.0,0,0,,,,
401671668,2024-09-15,2024,2,regular,Denver Broncos,Pittsburgh Steelers,7,23,DEN,PIT,6,13,0,7.0,7.0,0,0,,,,
401671670,2024-09-15,2024,2,regular,Kansas City Chiefs,Cincinnati Bengals,12,4,KC,CIN,26,25,1,9.0,7.0,0,0,,,,
401671702,2024-09-15,2024,2,regular,New England Patriots,Seattle Seahawks,17,26,NE,SEA,20,23,0,7.0,7.0,0,0,,,,
401671709,2024-09-15,2024,2,regular,Dallas Cowboys,New Orleans Saints,6,18,DAL,NO,19,44,0,7.0,7.0,0,0,,,,
401671716,2024-09-15,2024,2,regular,Washington Commanders,New York Giants,28,19,WSH,NYG,21,18,1,7.0,7.0,1,0,,,,
401671721,2024-09-15,2024,2,regular,Detroit Lions,Tampa Bay Buccaneers,8,27,DET,TB,16,20,0,6.0,7.0,0,0,,,,
401671723,2024-09-15,2024,2,regular,Green Bay Packers,Indianapolis Colts,9,11,GB,IND,16,10,1,8.0,7.0,0,0,,,,
401671754,2024-09-15,2024,2,regular,Arizona Cardinals,Los Angeles Rams,22,14,ARI,LAR,41,10,1,7.0,6.0,1,0,,,,
401671786,2024-09-16,2024,2,regular,Houston Texans,Chicago Bears,34,3,HOU,CHI,19,13,1,8.0,8.0,0,0,,,,
401671691,2024-09-17,2024,2,regular,Philadelphia Eagles,Atlanta Falcons,21,1,PHI,ATL,21,22,0,10.0,9.0,0,0,,,,
401671808,2024-09-20,2024,3,regular,New York Jets,New England Patriots,20,17,NYJ,NE,24,3,1,5.0,5.0,1,0,,,,
401671632,2024-09-22,2024,3,regular,Pittsburgh Steelers,Los Angeles Chargers,23,24,PIT,LAC,20,10,1,7.0,7.0,0,0,,,,
401671646,2024-09-22,2024,3,regular,Minnesota Vikings,Houston Texans,16,34,MIN,HOU,34,7,1,7.0,6.0,0,0,,,,
401671658,2024-09-22,2024,3,regular,Las Vegas Raiders,Carolina Panthers,13,29,LV,CAR,22,36,0,7.0,7.0,0,0,,,,
401671662,2024-09-22,2024,3,regular,Seattle Seahawks,Miami Dolphins,26,15,SEA,MIA,24,3,1,7.0,9.0,0,0,,,,
401671736,2024-09-22,2024,3,regular,New Orleans Saints,Philadelphia Eagles,18,21,NO,PHI,12,15,0,7.0,5.0,0,0,,,,
401671741,2024-09-22,2024,3,regular,Tampa Bay Buccaneers,Denver Broncos,27,7,TB,DEN,7,26,0,7.0,7.0,0,0,,,,
401671763,2024-09-22,2024,3,regular,Dallas Cowboys,Baltimore Ravens,6,33,DAL,BAL,25,28,0,7.0,7.0,0,0,,,,
401671771,2024-09-22,2024,3,regular,Arizona Cardinals,Detroit Lions,22,8,ARI,DET,13,20,0,7.0,7.0,0,0,,,,
401671772,2024-09-22,2024,3,regular,Los Angeles Rams,San Francisco 49ers,14,25,LAR,SF,27,24,1,7.0,7.0,1,0,,,,
401671823,2024-09-22,2024,3,regular,Tennessee Titans,Green Bay Packers,10,9,TEN,GB,14,30,0,7.0,7.0,0,0,,,,
401671855,2024-09-22,2024,3,regular,Cleveland Browns,New York Giants,5,19,CLE,NYG,15,21,0,7.0,7.0,0,0,,,,
401671865,2024-09-22,2024,3,regular,Indianapolis Colts,Chicago Bears,11,3,IND,CHI,21,16,1,7.0,6.0,0,0,,,,
401671682,2024-09-23,2024,3,regular,Buffalo Bills,Jacksonville Jaguars,2,30,BUF,JAX,47,10,1,10.0,8.0,0,0,,,,
401671793,2024-09-23,2024,3,regular,Atlanta Falcons,Kansas City Chiefs,1,12,ATL,KC,17,22,0,6.0,8.0,0,0,,,,
401671490,2024-09-24,2024,3,regular,Cincinnati Bengals,Washington Commanders,4,28,CIN,WSH,33,38,0,9.0,9.0,0,0,,,,
401671812,2024-09-27,2024,4,regular,New York Giants,Dallas Cowboys,19,6,NYG,DAL,15,20,0,5.0,5.0,1,0,,,,
401671622,2024-09-29,2024,4,regular,New York Jets,Denver Broncos,20,7,NYJ,DEN,9,10,0,9.0,7.0,0,0,,,,
401671643,2024-09-29,2024,4,regular,Green Bay Packers,Minnesota Vikings,9,16,GB,MIN,29,31,0,7.0,7.0,1,0,,,,
401671672,2024-09-29,2024,4,regular,Las Vegas Raiders,Cleveland Browns,13,5,LV,CLE,20,16,1,7.0,7.0,0,0,,,,
401671674,2024-09-29,2024,4,regular,Los Angeles Chargers,Kansas City Chiefs,24,12,LAC,KC,10,17,0,7.0,6.0,1,0,,,,
401671727,2024-09-29,2024,4,regular,Atlanta Falcons,New Orleans Saints,1,18,ATL,NO,26,24,1,6.0,7.0,1,0,,,,
401671740,2024-09-29,2024,4,regular,Tampa Bay Buccaneers,Philadelphia Eagles,27,21,TB,PHI,33,16,1,7.0,7.0,0,0,,,,
401671745,2024-09-29,2024,4,regular,Carolina Panthers,Cincinnati Bengals,29,4,CAR,CIN,24,34,0,7.0,5.0,0,0,,,,
401671755,2024-09-29,2024,4,regular,Arizona Cardinals,Washington Commanders,22,28,ARI,WSH,14,42,0,7.0,5.0,0,0,,,,
401671758,2024-09-29,2024,4,regular,San Francisco 49ers,New England Patriots,25,17,SF,NE,30,13,1,7.0,9.0,0,0,,,,
401671857,2024-09-29,2024,4,regular,Houston Texans,Jacksonville Jaguars,34,30,HOU,JAX,24,20,1,7.0,6.0,1,0,,,,
401671867,2024-09-29,2024,4,regular,Indianapolis Colts,Pittsburgh Steelers,11,23,IND,PIT,27,24,1,7.0,7.0,0,0,,,,
401671871,2024-09-29,2024,4,regular,Chicago Bears,Los Angeles Rams,3,14,CHI,LAR,24,18,1,7.0,7.0,0,0,,,,
401671683,2024-09-30,2024,4,regular,Miami Dolphins,Tennessee Titans,15,10,MIA,TEN,12,31,0,8.0,8.0,0,0,,,,
401671783,2024-09-30,2024,4,regular,Baltimore Ravens,Buffalo Bills,33,2,BAL,BUF,35,10,1,8.0,7.0,0,0,,,,
401671491,2024-10-01,2024,4,regular,Detroit Lions,Seattle Seahawks,8,26,DET,SEA,42,29,1,9.0,9.0,0,0,,,,
401671815,2024-10-04,2024,5,regular,Atlanta Falcons,Tampa Bay Buccaneers,1,27,ATL,TB,36,30,1,5.0,5.0,1,0,,,,
401671626,2024-10-06,2024,5,regular,Cincinnati Bengals,Baltimore Ravens,4,33,CIN,BAL,38,41,0,7.0,6.0,1,0,,,,
401671633,2024-10-06,2024,5,regular,Jacksonville Jaguars,Indianapolis Colts,30,11,JAX,IND,37,34,1,7.0,7.0,1,0,,,,
401671679,2024-10-06,2024,5,regular,Los Angeles Rams,Green Bay Packers,14,9,LAR,GB,19,24,0,7.0,7.0,0,0,,,,
401671680,2024-10-06,2024,5,regular,Seattle Seahawks,New York Giants,26,19,SEA,NYG,20,29,0,5.0,9.0,0,0,,,,
401671700,2024-10-06,2024,5,regular,New England Patriots,Miami Dolphins,17,15,NE,MIA,10,15,0,7.0,6.0,1,0,,,,
401671718,2024-10-06,2024,5,regular,Washington Commanders,Cleveland Browns,28,5,WSH,CLE,34,13,1,7.0,7.0,0,0,,,,
401671747,2024-10-06,2024,5,regular,Denver Broncos,Las Vegas Raiders,7,13,DEN,LV,34,18,1,7.0,7.0,1,0,,,,
401671756,2024-10-06,2024,5,regular,San Francisco 49ers,Arizona Cardinals,25,22,SF,ARI,23,24,0,7.0,7.0,1,0,,,,
401671804,2024-10-06,2024,5,regular,Minnesota Vikings,New York Jets,16,20,MIN,NYJ,23,17,1,7.0,7.0,0,1,,,,
401671859,2024-10-06,2024,5,regular,Houston Texans,Buffalo Bills,34,2,HOU,BUF,23,20,1,7.0,6.0,0,0,,,,
401671872,2024-10-06,2024,5,regular,Chicago Bears,Carolina Panthers,3,29,CHI,CAR,36,10,1,7.0,7.0,0,0,,,,
401671784,2024-10-07,2024,5,regular,Pittsburgh Steelers,Dallas Cowboys,23,6,PIT,DAL,17,20,0,8.0,10.0,0,0,,,,
401671687,2024-10-08,2024,5,regular,Kansas City Chiefs,New Orleans Saints,12,18,KC,NO,26,13,1,9.0,9.0,0,0,,,,
401671819,2024-10-11,2024,6,regular,Seattle Seahawks,San Francisco 49ers,26,25,SEA,SF,24,36,0,5.0,5.0,1,0,,,,
401671619,2024-10-13,2024,6,regular,New England Patriots,Houston Texans,17,34,NE,HOU,21,41,0,7.0,7.0,0,0,,,,
401671625,2024-10-13,2024,6,regular,Baltimore Ravens,Washington Commanders,33,28,BAL,WSH,30,23,1,7.0,7.0,0,0,,,,
401671655,2024-10-13,2024,6,regular,Denver Broncos,Los Angeles Chargers,7,24,DEN,LAC,16,23,0,7.0,14.0,1,0,,,,
401671657,2024-10-13,2024,6,regular,Las Vegas Raiders,Pittsburgh Steelers,13,23,LV,PIT,13,32,0,7.0,6.0,0,0,,,,
401671714,2024-10-13,2024,6,regular,Philadelphia Eagles,Cleveland Browns,21,5,PHI,CLE,20,16,1,14.0,7.0,0,0,,,,
401671722,2024-10-13,2024,6,regular,Green Bay Packers,Arizona Cardinals,9,22,GB,ARI,34,13,1,7.0,7.0,0,0,,,,
401671735,2024-10-13,2024,6,regular,New Orleans Saints,Tampa Bay Buccaneers,18,27,NO,TB,27,51,0,5.0,9.0,1,0,,,,
401671764,2024-10-13,2024,6,regular,Dallas Cowboys,Detroit Lions,6,8,DAL,DET,9,47,0,6.0,12.0,0,0,,,,
401671769,2024-10-13,2024,6,regular,Carolina Panthers,Atlanta Falcons,29,1,CAR,ATL,20,38,0,7.0,9.0,1,0,,,,
401671802,2024-10-13,2024,6,regular,Chicago Bears,Jacksonville Jaguars,3,30,CHI,JAX,35,16,1,7.0,7.0,0,1,,,,
401671820,2024-10-13,2024,6,regular,Tennessee Titans,Indianapolis Colts,10,11,TEN,IND,17,20,0,13.0,7.0,1,0,,,,
401671791,2024-10-14,2024,6,regular,New York Giants,Cincinnati Bengals,19,4,NYG,CIN,7,17,0,8.0,8.0,0,0,,,,
401671684,2024-10-15,2024,6,regular,New York Jets,Buffalo Bills,20,2,NYJ,BUF,20,23,0,9.0,9.0,1,0,,,,
401671816,2024-10-18,2024,7,regular,New Orleans Saints,Denver Broncos,18,7,NO,DEN,10,33,0,5.0,5.0,0,0,,,,
401671616,2024-10-20,2024,7,regular,Buffalo Bills,Tennessee Titans,2,10,BUF,TEN,34,10,1,5.0,7.0,0,0,,,,
401671640,2024-10-20,2024,7,regular,Washington Commanders,Carolina Panthers,28,29,WSH,CAR,40,7,1,7.0,7.0,0,0,,,,
401671644,2024-10-20,2024,7,regular,Green Bay Packers,Houston Texans,9,34,GB,HOU,24,22,1,7.0,7.0,0,0,,,,
401671663,2024-10-20,2024,7,regular,Los Angeles Rams,Las Vegas Raiders,14,13,LAR,LV,20,15,1,14.0,7.0,0,0,,,,
401671710,2024-10-20,2024,7,regular,New York Giants,Philadelphia Eagles,19,21,NYG,PHI,3,28,0,6.0,7.0,1,0,,,,
401671724,2024-10-20,2024,7,regular,Minnesota Vikings,Detroit Lions,16,8,MIN,DET,29,31,0,14.0,7.0,1,0,,,,
401671730,2024-10-20,2024,7,regular,Atlanta Falcons,Seattle Seahawks,1,26,ATL,SEA,14,34,0,7.0,9.0,0,0,,,,
401671777,2024-10-20,2024,7,regular,San Francisco 49ers,Kansas City Chiefs,25,12,SF,KC,18,28,0,9.0,12.0,0,0,,,,
401671801,2024-10-20,2024,7,regular,Jacksonville Jaguars,New England Patriots,30,17,JAX,NE,32,16,1,7.0,7.0,0,1,,,,
401671853,2024-10-20,2024,7,regular,Cleveland Browns,Cincinnati Bengals,5,4,CLE,CIN,14,21,0,7.0,6.0,1,0,,,,
401671864,2024-10-20,2024,7,regular,Indianapolis Colts,Miami Dolphins,11,15,IND,MIA,16,10,1,7.0,14.0,0,0,,,,
401671785,2024-10-21,2024,7,regular,Pittsburgh Steelers,New York Jets,23,20,PIT,NYJ,37,15,1,8.0,6.0,0,0,,,,
401671695,2024-10-22,2024,7,regular,Tampa Bay Buccaneers,Baltimore Ravens,27,33,TB,BAL,31,41,0,9.0,9.0,0,0,,,,
401671699,2024-10-22,2024,7,regular,Arizona Cardinals,Los Angeles Chargers,22,24,ARI,LAC,17,15,1,9.0,9.0,0,0,,,,
401671817,2024-10-25,2024,8,regular,Los Angeles Rams,Minnesota Vikings,14,16,LAR,MIN,30,20,1,5.0,5.0,0,0,,,,
401671599,2024-10-27,2024,8,regular,Washington Commanders,Chicago Bears,28,3,WSH,CHI,18,15,1,7.0,14.0,0,0,,,,
401671600,2024-10-27,2024,8,regular,Denver Broncos,Carolina Panthers,7,29,DEN,CAR,28,14,1,9.0,7.0,0,0,,,,
401671618,2024-10-27,2024,8,regular,New England Patriots,New York Jets,17,20,NE,NYJ,25,22,1,7.0,6.0,1,0,,,,
401671667,2024-10-27,2024,8,regular,Cincinnati Bengals,Philadelphia Eagles,4,21,CIN,PHI,17,37,0,7.0,7.0,0,0,,,,
401671671,2024-10-27,2024,8,regular,Las Vegas Raiders,Kansas City Chiefs,13,12,LV,KC,20,27,0,7.0,7.0,1,0,,,,
401671707,2024-10-27,2024,8,regular,Jacksonville Jaguars,Green Bay Packers,30,9,JAX,GB,27,30,0,7.0,7.0,0,0,,,,
401671720,2024-10-27,2024,8,regular,Detroit Lions,Tennessee Titans,8,10,DET,TEN,52,14,1,7.0,7.0,0,0,,,,
401671739,2024-10-27,2024,8,regular,Tampa Bay Buccaneers,Atlanta Falcons,27,1,TB,ATL,26,31,0,5.0,7.0,1,0,,,,
401671750,2024-10-27,2024,8,regular,Los Angeles Chargers,New Orleans Saints,24,18,LAC,NO,26,8,1,5.0,9.0,0,0,,,,
401671760,2024-10-27,2024,8,regular,Seattle Seahawks,Buffalo Bills,26,2,SEA,BUF,10,31,0,7.0,7.0,0,0,,,,
401671850,2024-10-27,2024,8,regular,Miami Dolphins,Arizona Cardinals,15,22,MIA,ARI,27,28,0,7.0,5.0,0,0,,,,
401671852,2024-10-27,2024,8,regular,Cleveland Browns,Baltimore Ravens,5,33,CLE,BAL,29,24,1,7.0,5.0,1,0,,,,
401671856,2024-10-27,2024,8,regular,Houston Texans,Indianapolis Colts,34,11,HOU,IND,23,20,1,7.0,7.0,1,0,,,,
401671795,2024-10-28,2024,8,regular,San Francisco 49ers,Dallas Cowboys,25,6,SF,DAL,30,24,1,8.0,15.0,0,0,,,,
401671685,2024-10-29,2024,8,regular,Pittsburgh Steelers,New York Giants,23,19,PIT,NYG,26,18,1,8.0,9.0,0,0,,,,
401671809,2024-11-01,2024,9,regular,New York Jets,Houston Texans,20,34,NYJ,HOU,21,13,1,5.0,5.0,0,0,,,,
401671493,2024-11-03,2024,9,regular,Buffalo Bills,Miami Dolphins,2,15,BUF,MIA,30,27,1,7.0,7.0,1,0,,,,
401671623,2024-11-03,2024,9,regular,Baltimore Ravens,Denver Broncos,33,7,BAL,DEN,41,10,1,7.0,7.0,0,0,,,,
401671629,2024-11-03,2024,9,regular,Cleveland Browns,Los Angeles Chargers,5,24,CLE,LAC,10,27,0,7.0,7.0,0,0,,,,
401671650,2024-11-03,2024,9,regular,Carolina Panthers,New Orleans Saints,29,18,CAR,NO,23,22,1,7.0,7.0,1,0,,,,
401671661,2024-11-03,2024,9,regular,Arizona Cardinals,Chicago Bears,22,3,ARI,CHI,29,9,1,7.0,7.0,0,0,,,,
401671704,2024-11-03,2024,9,regular,Cincinnati Bengals,Las Vegas Raiders,4,13,CIN,LV,41,24,1,7.0,7.0,0,0,,,,
401671711,2024-11-03,2024,9,regular,New York Giants,Washington Commanders,19,28,NYG,WSH,22,27,0,5.0,7.0,1,0,,,,
401671728,2024-11-03,2024,9,regular,Atlanta Falcons,Dallas Cowboys,1,6,ATL,DAL,27,21,1,7.0,6.0,0,0,,,,
401671767,2024-11-03,2024,9,regular,Green Bay Packers,Detroit Lions,9,8,GB,DET,14,24,0,7.0,7.0,1,0,,,,
401671776,2024-11-03,2024,9,regular,Seattle Seahawks,Los Angeles Rams,26,14,SEA,LAR,20,26,0,7.0,9.0,1,0,,,,
401671797,2024-11-03,2024,9,regular,Philadelphia Eagles,Jacksonville Jaguars,21,30,PHI,JAX,28,23,1,7.0,7.0,0,0,,,,
401671822,2024-11-03,2024,9,regular,Tennessee Titans,New England Patriots,10,17,TEN,NE,20,17,1,7.0,7.0,0,0,,,,
401671647,2024-11-04,2024,9,regular,Minnesota Vikings,Indianapolis Colts,16,11,MIN,IND,21,13,1,10.0,8.0,0,0,,,,
401671688,2024-11-05,2024,9,regular,Kansas City Chiefs,Tampa Bay Buccaneers,12,27,KC,TB,30,24,1,9.0,9.0,0,0,,,,
401671810,2024-11-08,2024,10,regular,Baltimore Ravens,Cincinnati Bengals,33,4,BAL,CIN,35,34,1,5.0,5.0,1,0,,,,
401671637,2024-11-10,2024,10,regular,Kansas City Chiefs,Denver Broncos,12,7,KC,DEN,16,14,1,5.0,7.0,1,0,,,,
401671641,2024-11-10,2024,10,regular,Washington Commanders,Pittsburgh Steelers,28,23,WSH,PIT,27,28,0,7.0,12.0,0,0,,,,
401671676,2024-11-10,2024,10,regular,Dallas Cowboys,Philadelphia Eagles,6,21,DAL,PHI,6,34,0,7.0,7.0,1,0,,,,
401671678,2024-11-10,2024,10,regular,Arizona Cardinals,New York Jets,22,20,ARI,NYJ,31,6,1,7.0,9.0,0,0,,,,
401671708,2024-11-10,2024,10,regular,Jacksonville Jaguars,Minnesota Vikings,30,16,JAX,MIN,7,12,0,7.0,6.0,0,0,,,,
401671733,2024-11-10,2024,10,regular,New Orleans Saints,Atlanta Falcons,18,1,NO,ATL,20,17,1,7.0,7.0,1,0,,,,
401671742,2024-11-10,2024,10,regular,Tampa Bay Buccaneers,San Francisco 49ers,27,25,TB,SF,20,23,0,5.0,13.0,0,0,,,,
401671751,2024-11-10,2024,10,regular,Los Angeles Chargers,Tennessee Titans,24,10,LAC,TEN,27,17,1,7.0,7.0,0,0,,,,
401671803,2024-11-10,2024,10,regular,Carolina Panthers,New York Giants,29,19,CAR,NYG,20,17,1,7.0,7.0,0,1,,,,
401671863,2024-11-10,2024,10,regular,Indianapolis Colts,Buffalo Bills,11,2,IND,BUF,20,30,0,6.0,7.0,0,0,,,,
401671873,2024-11-10,2024,10,regular,Chicago Bears,New England Patriots,3,17,CHI,NE,3,19,0,7.0,7.0,0,0,,,,
401671787,2024-11-11,2024,10,regular,Houston Texans,Detroit Lions,34,8,HOU,DET,23,26,0,10.0,8.0,0,0,,,,
401671693,2024-11-12,2024,10,regular,Los Angeles Rams,Miami Dolphins,14,15,LAR,MIA,15,23,0,9.0,9.0,0,0,,,,
401671813,2024-11-15,2024,11,regular,Philadelphia Eagles,Washington Commanders,21,28,PHI,WSH,26,18,1,5.0,5.0,1,0,,,,
401671630,2024-11-17,2024,11,regular,Pittsburgh Steelers,Baltimore Ravens,23,33,PIT,BAL,18,16,1,7.0,9.0,1,0,,,,
401671642,2024-11-17,2024,11,regular,Detroit Lions,Jacksonville Jaguars,8,30,DET,JAX,52,6,1,6.0,7.0,0,0,,,,
401671665,2024-11-17,2024,11,regular,Buffalo Bills,Kansas City Chiefs,2,12,BUF,KC,30,21,1,7.0,7.0,0,0,,,,
401671701,2024-11-17,2024,11,regular,New England Patriots,Los Angeles Rams,17,14,NE,LAR,22,28,0,7.0,5.0,0,0,,,,
401671746,2024-11-17,2024,11,regular,New Orleans Saints,Cleveland Browns,18,5,NO,CLE,35,14,1,7.0,14.0,0,0,,,,
401671748,2024-11-17,2024,11,regular,Denver Broncos,Atlanta Falcons,7,1,DEN,ATL,38,6,1,7.0,7.0,0,0,,,,
401671757,2024-11-17,2024,11,regular,San Francisco 49ers,Seattle Seahawks,25,26,SF,SEA,17,20,0,7.0,14.0,1,0,,,,
401671782,2024-11-17,2024,11,regular,New York Jets,Indianapolis Colts,20,11,NYJ,IND,27,28,0,7.0,7.0,0,0,,,,
401671824,2024-11-17,2024,11,regular,Tennessee Titans,Minnesota Vikings,10,16,TEN,MIN,13,23,0,7.0,7.0,0,0,,,,
401671851,2024-11-17,2024,11,regular,Miami Dolphins,Las Vegas Raiders,15,13,MIA,LV,34,19,1,5.0,14.0,0,0,,,,
401671869,2024-11-17,2024,11,regular,Chicago Bears,Green Bay Packers,3,9,CHI,GB,19,20,0,7.0,14.0,1,0,,,,
401671675,2024-11-18,2024,11,regular,Los Angeles Chargers,Cincinnati Bengals,24,4,LAC,CIN,34,27,1,8.0,10.0,0,0,,,,
401671694,2024-11-19,2024,11,regular,Dallas Cowboys,Houston Texans,6,34,DAL,HOU,10,34,0,9.0,8.0,0,0,,,,
401671875,2024-11-22,2024,12,regular,Cleveland Browns,Pittsburgh Steelers,5,23,CLE,PIT,24,19,1,5.0,5.0,1,0,,,,
401671638,2024-11-24,2024,12,regular,New York Giants,Tampa Bay Buccaneers,19,27,NYG,TB,7,30,0,14.0,14.0,0,0,,,,
401671651,2024-11-24,2024,12,regular,Carolina Panthers,Kansas City Chiefs,29,12,CAR,KC,27,30,0,14.0,7.0,0,0,,,,
401671656,2024-11-24,2024,12,regular,Las Vegas Raiders,Denver Broncos,13,7,LV,DEN,19,29,0,7.0,7.0,1,0,,,,
401671715,2024-11-24,2024,12,regular,Washington Commanders,Dallas Cowboys,28,6,WSH,DAL,26,34,0,9.0,5.0,1,0,,,,
401671768,2024-11-24,2024,12,regular,Green Bay Packers,San Francisco 49ers,9,25,GB,SF,38,10,1,7.0,7.0,0,0,,,,
401671775,2024-11-24,2024,12,regular,Seattle Seahawks,Arizona Cardinals,26,22,SEA,ARI,16,6,1,7.0,14.0,1,0,,,,
401671847,2024-11-24,2024,12,regular,Miami Dolphins,New England Patriots,15,17,MIA,NE,34,15,1,7.0,7.0,1,0,,,,
401671858,2024-11-24,2024,12,regular,Houston Texans,Tennessee Titans,34,10,HOU,TEN,27,32,0,5.0,7.0,1,0,,,,
401671866,2024-11-24,2024,12,regular,Indianapolis Colts,Detroit Lions,11,8,IND,DET,6,24,0,7.0,7.0,0,0,,,,
401671870,2024-11-24,2024,12,regular,Chicago Bears,Minnesota Vikings,3,16,CHI,MIN,27,30,0,7.0,7.0,1,0,,,,
401671794,2024-11-25,2024,12,regular,Los Angeles Rams,Philadelphia Eagles,14,21,LAR,PHI,20,37,0,8.0,10.0,0,0,,,,
401671689,2024-11-26,2024,12,regular,Los Angeles Chargers,Baltimore Ravens,24,33,LAC,BAL,23,30,0,8.0,9.0,0,0,,,,
401671492,2024-11-28,2024,13,regular,Detroit Lions,Chicago Bears,8,3,DET,CHI,23,20,1,4.0,4.0,1,0,,,,
401671779,2024-11-28,2024,13,regular,Dallas Cowboys,New York Giants,6,19,DAL,NYG,27,20,1,4.0,4.0,1,0,,,,
401671798,2024-11-29,2024,13,regular,Green Bay Packers,Miami Dolphins,9,15,GB,MIA,30,17,1,5.0,5.0,0,0,,,,
401671806,2024-11-29,2024,13,regular,Kansas City Chiefs,Las Vegas Raiders,12,13,KC,LV,19,17,1,5.0,5.0,1,0,,,,
401671620,2024-12-01,2024,13,regular,New England Patriots,Indianapolis Colts,17,11,NE,IND,24,25,0,7.0,7.0,0,0,,,,
401671627,2024-12-01,2024,13,regular,Cincinnati Bengals,Pittsburgh Steelers,4,23,CIN,PIT,38,44,0,13.0,9.0,1,0,,,,
401671649,2024-12-01,2024,13,regular,Atlanta Falcons,Los Angeles Chargers,1,24,ATL,LAC,13,17,0,14.0,5.0,0,0,,,,
401671666,2024-12-01,2024,13,regular,Baltimore Ravens,Philadelphia Eagles,33,21,BAL,PHI,19,24,0,5.0,6.0,0,0,,,,
401671703,2024-12-01,2024,13,regular,New York Jets,Seattle Seahawks,20,26,NYJ,SEA,21,26,0,14.0,7.0,0,0,,,,
401671705,2024-12-01,2024,13,regular,Jacksonville Jaguars,Houston Texans,30,34,JAX,HOU,20,23,0,14.0,7.0,1,0,,,,
401671726,2024-12-01,2024,13,regular,Minnesota Vikings,Arizona Cardinals,16,22,MIN,ARI,23,22,1,7.0,7.0,0,0,,,,
401671743,2024-12-01,2024,13,regular,Washington Commanders,Tennessee Titans,28,10,WSH,TEN,42,19,1,7.0,7.0,0,0,,,,
401671752,2024-12-01,2024,13,regular,Carolina Panthers,Tampa Bay Buccaneers,29,27,CAR,TB,23,26,0,7.0,7.0,1,0,,,,
401671753,2024-12-01,2024,13,regular,New Orleans Saints,Los Angeles Rams,18,14,NO,LAR,14,21,0,14.0,6.0,0,0,,,,
401671781,2024-12-02,2024,13,regular,Buffalo Bills,San Francisco 49ers,2,25,BUF,SF,35,10,1,15.0,8.0,0,0,,,,
401671686,2024-12-03,2024,13,regular,Denver Broncos,Cleveland Browns,7,5,DEN,CLE,41,32,1,9.0,11.0,0,0,,,,
401671814,2024-12-06,2024,14,regular,Detroit Lions,Green Bay Packers,8,9,DET,GB,34,31,1,8.0,7.0,1,0,,,,
401671601,2024-12-08,2024,14,regular,New York Giants,New Orleans Saints,19,18,NYG,NO,11,14,0,10.0,7.0,0,0,,,,
401671631,2024-12-08,2024,14,regular,Pittsburgh Steelers,Cleveland Browns,23,5,PIT,CLE,27,14,1,7.0,5.0,1,0,,,,
401671648,2024-12-08,2024,14,regular,Minnesota Vikings,Atlanta Falcons,16,1,MIN,ATL,42,21,1,7.0,7.0,0,0,,,,
401671654,2024-12-08,2024,14,regular,Tampa Bay Buccaneers,Las Vegas Raiders,27,13,TB,LV,28,13,1,7.0,9.0,0,0,,,,
401671660,2024-12-08,2024,14,regular,Arizona Cardinals,Seattle Seahawks,22,26,ARI,SEA,18,30,0,7.0,7.0,1,0,,,,
401671713,2024-12-08,2024,14,regular,Philadelphia Eagles,Carolina Panthers,21,29,PHI,CAR,22,16,1,7.0,7.0,0,0,,,,
401671773,2024-12-08,2024,14,regular,Los Angeles Rams,Buffalo Bills,14,2,LAR,BUF,44,42,1,7.0,6.0,0,0,,,,
401671774,2024-12-08,2024,14,regular,San Francisco 49ers,Chicago Bears,25,3,SF,CHI,38,13,1,6.0,10.0,0,0,,,,
401671821,2024-12-08,2024,14,regular,Tennessee Titans,Jacksonville Jaguars,10,30,TEN,JAX,6,10,0,7.0,7.0,1,0,,,,
401671848,2024-12-08,2024,14,regular,Miami Dolphins,New York Jets,15,20,MIA,NYJ,32,26,1,9.0,7.0,1,0,,,,
401671788,2024-12-09,2024,14,regular,Kansas City Chiefs,Los Angeles Chargers,12,24,KC,LAC,19,17,1,10.0,8.0,1,0,,,,
401671690,2024-12-10,2024,14,regular,Dallas Cowboys,Cincinnati Bengals,6,4,DAL,CIN,20,27,0,12.0,9.0,0,0,,,,
401671818,2024-12-13,2024,15,regular,San Francisco 49ers,Los Angeles Rams,25,14,SF,LAR,6,12,0,5.0,5.0,1,0,,,,
401671639,2024-12-15,2024,15,regular,New York Giants,Baltimore Ravens,19,33,NYG,BAL,14,35,0,7.0,14.0,0,0,,,,
401671669,2024-12-15,2024,15,regular,Denver Broncos,Indianapolis Colts,7,11,DEN,IND,31,13,1,12.0,14.0,0,0,,,,
401671677,2024-12-15,2024,15,regular,Arizona Cardinals,New England Patriots,22,17,ARI,NE,30,17,1,7.0,14.0,0,0,,,,
401671681,2024-12-15,2024,15,regular,Detroit Lions,Buffalo Bills,8,2,DET,BUF,42,48,0,9.0,7.0,0,0,,,,
401671706,2024-12-15,2024,15,regular,Jacksonville Jaguars,New York Jets,30,20,JAX,NYJ,25,32,0,7.0,7.0,0,0,,,,
401671731,2024-12-15,2024,15,regular,Carolina Panthers,Dallas Cowboys,29,6,CAR,DAL,14,30,0,7.0,5.0,0,0,,,,
401671737,2024-12-15,2024,15,regular,New Orleans Saints,Washington Commanders,18,28,NO,WSH,19,20,0,7.0,14.0,0,0,,,,
401671762,2024-12-15,2024,15,regular,Los Angeles Chargers,Tampa Bay Buccaneers,24,27,LAC,TB,17,40,0,6.0,7.0,0,0,,,,
401671766,2024-12-15,2024,15,regular,Philadelphia Eagles,Pittsburgh Steelers,21,23,PHI,PIT,27,13,1,7.0,7.0,0,0,,,,
401671825,2024-12-15,2024,15,regular,Tennessee Titans,Cincinnati Bengals,10,4,TEN,CIN,27,37,0,7.0,5.0,0,0,,,,
401671854,2024-12-15,2024,15,regular,Cleveland Browns,Kansas City Chiefs,5,12,CLE,KC,7,21,0,7.0,6.0,0,0,,,,
401671860,2024-12-15,2024,15,regular,Houston Texans,Miami Dolphins,34,15,HOU,MIA,20,12,1,14.0,7.0,0,0,,,,
401671796,2024-12-16,2024,15,regular,Seattle Seahawks,Green Bay Packers,26,9,SEA,GB,13,30,0,8.0,10.0,0,0,,,,
401671489,2024-12-17,2024,15,regular,Minnesota Vikings,Chicago Bears,16,3,MIN,CHI,30,12,1,9.0,9.0,1,0,,,,
401671697,2024-12-17,2024,15,regular,Las Vegas Raiders,Atlanta Falcons,13,1,LV,ATL,9,15,0,9.0,9.0,0,0,,,,
401671749,2024-12-20,2024,16,regular,Los Angeles Chargers,Denver Broncos,24,7,LAC,DEN,34,27,1,5.0,5.0,1,0,,,,
401671778,2024-12-21,2024,16,regular,Baltimore Ravens,Pittsburgh Steelers,33,23,BAL,PIT,34,17,1,6.0,6.0,1,0,,,,
401671780,2024-12-21,2024,16,regular,Kansas City Chiefs,Houston Texans,12,34,KC,HOU,27,19,1,6.0,6.0,0,0,,,,
401671494,2024-12-22,2024,16,regular,Buffalo Bills,New England Patriots,2,17,BUF,NE,24,21,1,7.0,7.0,1,0,,,,
401671621,2024-12-22,2024,16,regular,New York Jets,Los Angeles Rams,20,14,NYJ,LAR,9,19,0,7.0,9.0,0,0,,,,
401671673,2024-12-22,2024,16,regular,Las Vegas Raiders,Jacksonville Jaguars,13,30,LV,JAX,19,14,1,5.0,7.0,0,0,,,,
401671717,2024-12-22,2024,16,regular,Washington Commanders,Philadelphia Eagles,28,21,WSH,PHI,36,33,1,7.0,7.0,1,0,,,,
401671729,2024-12-22,2024,16,regular,Atlanta Falcons,New York Giants,1,19,ATL,NYG,34,7,1,5.0,7.0,0,0,,,,
401671732,2024-12-22,2024,16,regular,Carolina Panthers,Arizona Cardinals,29,22,CAR,ARI,36,30,1,7.0,7.0,0,0,,,,
401671759,2024-12-22,2024,16,regular,Seattle Seahawks,Minnesota Vikings,26,16,SEA,MIN,24,27,0,6.0,5.0,0,0,,,,
401671811,2024-12-22,2024,16,regular,Cincinnati Bengals,Cleveland Browns,4,5,CIN,CLE,24,6,1,7.0,7.0,1,0,,,,
401671862,2024-12-22,2024,16,regular,Indianapolis Colts,Tennessee Titans,11,10,IND,TEN,38,30,1,7.0,7.0,1,0,,,,
401671868,2024-12-22,2024,16,regular,Chicago Bears,Detroit Lions,3,8,CHI,DET,17,34,0,5.0,7.0,1,0,,,,
401671874,2024-12-22,2024,16,regular,Miami Dolphins,San Francisco 49ers,15,25,MIA,SF,29,17,1,7.0,9.0,0,0,,,,
401671790,2024-12-23,2024,16,regular,Dallas Cowboys,Tampa Bay Buccaneers,6,27,DAL,TB,26,24,1,8.0,8.0,0,0,,,,
401671692,2024-12-24,2024,16,regular,Green Bay Packers,New Orleans Saints,9,18,GB,NO,34,0,1,8.0,9.0,0,0,,,,
401671799,2024-12-25,2024,17,regular,Pittsburgh Steelers,Kansas City Chiefs,23,12,PIT,KC,10,29,0,4.0,4.0,0,0,,,,
401671800,2024-12-25,2024,17,regular,Houston Texans,Baltimore Ravens,34,33,HOU,BAL,2,31,0,4.0,4.0,0,0,,,,
401671876,2024-12-27,2024,17,regular,Chicago Bears,Seattle Seahawks,3,26,CHI,SEA,3,6,0,5.0,5.0,0,0,,,,
401671832,2024-12-28,2024,17,regular,New England Patriots,Los Angeles Chargers,17,24,NE,LAC,7,40,0,6.0,8.0,0,0,,,,
401671835,2024-12-28,2024,17,regular,Cincinnati Bengals,Denver Broncos,4,7,CIN,DEN,30,24,1,6.0,8.0,0,0,,,,
401671495,2024-12-29,2024,17,regular,Buffalo Bills,New York Jets,2,20,BUF,NYJ,40,14,1,7.0,7.0,1,0,,,,
401671634,2024-12-29,2024,17,regular,Jacksonville Jaguars,Tennessee Titans,30,10,JAX,TEN,20,13,1,7.0,7.0,1,0,,,,
401671653,2024-12-29,2024,17,regular,Tampa Bay Buccaneers,Carolina Panthers,27,29,TB,CAR,48,14,1,6.0,7.0,1,0,,,,
401671725,2024-12-29,2024,17,regular,Minnesota Vikings,Green Bay Packers,16,9,MIN,GB,27,25,1,7.0,5.0,1,0,,,,
401671738,2024-12-29,2024,17,regular,New Orleans Saints,Las Vegas Raiders,18,13,NO,LV,10,25,0,5.0,7.0,0,0,,,,
401671765,2024-12-29,2024,17,regular,Philadelphia Eagles,Dallas Cowboys,21,6,PHI,DAL,41,7,1,7.0,6.0,1,0,,,,
401671829,2024-12-29,2024,17,regular,Los Angeles Rams,Arizona Cardinals,14,22,LAR,ARI,13,9,1,7.0,7.0,1,0,,,,
401671846,2024-12-29,2024,17,regular,New York Giants,Indianapolis Colts,19,11,NYG,IND,45,33,1,7.0,7.0,0,0,,,,
401671877,2024-12-29,2024,17,regular,Cleveland Browns,Miami Dolphins,5,15,CLE,MIA,3,20,0,7.0,7.0,0,0,,,,
401671842,2024-12-30,2024,17,regular,Washington Commanders,Atlanta Falcons,28,1,WSH,ATL,30,24,1,8.0,8.0,0,0,,,,
401671698,2024-12-31,2024,17,regular,San Francisco 49ers,Detroit Lions,25,8,SF,DET,34,40,0,9.0,9.0,0,0,,,,
401671834,2025-01-04,2024,18,regular,Baltimore Ravens,Cleveland Browns,33,5,BAL,CLE,35,10,1,10.0,6.0,1,0,,,,
401671826,2025-01-05,2024,18,regular,Tennessee Titans,Houston Texans,10,34,TEN,HOU,14,23,0,7.0,11.0,1,0,,,,
401671827,2025-01-05,2024,18,regular,Atlanta Falcons,Carolina Panthers,1,29,ATL,CAR,38,44,0,6.0,7.0,1,0,,,,
401671828,2025-01-05,2024,18,regular,Tampa Bay Buccaneers,New Orleans Saints,27,18,TB,NO,27,19,1,7.0,7.0,1,0,,,,
401671830,2025-01-05,2024,18,regular,Los Angeles Rams,Seattle Seahawks,14,26,LAR,SEA,25,30,0,7.0,9.0,1,0,,,,
401671831,2025-01-05,2024,18,regular,New England Patriots,Buffalo Bills,17,2,NE,BUF,23,16,1,8.0,7.0,1,0,,,,
401671833,2025-01-05,2024,18,regular,New York Jets,Miami Dolphins,20,15,NYJ,MIA,32,20,1,7.0,7.0,1,0,,,,
401671836,2025-01-05,2024,18,regular,Pittsburgh Steelers,Cincinnati Bengals,23,4,PIT,CIN,17,19,0,11.0,8.0,1,0,,,,
401671837,2025-01-05,2024,18,regular,Indianapolis Colts,Jacksonville Jaguars,11,30,IND,JAX,26,23,1,7.0,7.0,1,0,,,,
401671838,2025-01-05,2024,18,regular,Denver Broncos,Kansas City Chiefs,7,12,DEN,KC,38,0,1,8.0,11.0,1,0,,,,
401671839,2025-01-05,2024,18,regular,Las Vegas Raiders,Los Angeles Chargers,13,24,LV,LAC,20,34,0,7.0,8.0,1,0,,,,
401671840,2025-01-05,2024,18,regular,Dallas Cowboys,Washington Commanders,6,28,DAL,WSH,19,23,0,7.0,6.0,1,0,,,,
401671841,2025-01-05,2024,18,regular,Philadelphia Eagles,New York Giants,21,19,PHI,NYG,20,13,1,7.0,7.0,1,0,,,,
401671844,2025-01-05,2024,18,regular,Green Bay Packers,Chicago Bears,9,3,GB,CHI,22,24,0,7.0,9.0,1,0,,,,
401671845,2025-01-05,2024,18,regular,Arizona Cardinals,San Francisco 49ers,22,25,ARI,SF,47,24,1,7.0,5.0,1,0,,,,
401671843,2025-01-06,2024,18,regular,Detroit Lions,Minnesota Vikings,8,16,DET,MIN,31,9,1,6.0,8.0,1,0,,,,
401772971,2025-08-01,2025,1,preseason,Detroit Lions,Los Angeles Chargers,8,24,DET,LAC,7,34,0,7.0,7.0,0,1,,,,
401773001,2025-08-07,2025,2,preseason,Baltimore Ravens,Indianapolis Colts,33,11,BAL,IND,24,16,1,7.0,7.0,0,0,,,,
401773005,2025-08-07,2025,2,preseason,Philadelphia Eagles,Cincinnati Bengals,21,4,PHI,CIN,34,27,1,7.0,7.0,0,0,,,,
401772996,2025-08-08,2025,2,preseason,New England Patriots,Washington Commanders,17,28,NE,WSH,48,18,1,7.0,7.0,0,0,,,,
401773016,2025-08-08,2025,2,preseason,Atlanta Falcons,Detroit Lions,1,8,ATL,DET,10,17,0,7.0,7.0,0,0,,,,
401773018,2025-08-08,2025,2,preseason,Carolina Panthers,Cleveland Browns,29,5,CAR,CLE,10,30,0,7.0,7.0,0,0,,,,
401773002,2025-08-09,2025,2,preseason,Jacksonville Jaguars,Pittsburgh Steelers,30,23,JAX,PIT,25,31,0,7.0,7.0,0,0,,,,
401773012,2025-08-09,2025,2,preseason,Minnesota Vikings,Houston Texans,16,34,MIN,HOU,20,10,1,7.0,7.0,0,0,,,,
401773020,2025-08-09,2025,2,preseason,Los Angeles Rams,Dallas Cowboys,14,6,LAR,DAL,31,21,1,7.0,7.0,0,0,,,,
401774029,2025-08-09,2025,2,preseason,Tampa Bay Buccaneers,Tennessee Titans,27,10,TB,TEN,29,7,1,7.0,7.0,0,0,,,,
401776263,2025-08-09,2025,2,preseason,Buffalo Bills,New York Giants,2,19,BUF,NYG,25,34,0,7.0,7.0,0,0,,,,
401773010,2025-08-10,2025,2,preseason,Green Bay Packers,New York Jets,9,20,GB,NYJ,10,30,0,7.0,7.0,0,0,,,,
401773026,2025-08-10,2025,2,preseason,Los Angeles Chargers,New Orleans Saints,24,18,LAC,NO,27,13,1,9.0,7.0,0,0,,,,
401774636,2025-08-10,2025,2,preseason,Arizona Cardinals,Kansas City Chiefs,22,12,ARI,KC,20,17,1,7.0,7.0,0,0,,,,
401776566,2025-08-10,2025,2,preseason,San Francisco 49ers,Denver Broncos,25,7,SF,DEN,9,30,0,7.0,7.0,0,0,,,,
401773017,2025-08-15,2025,3,preseason,Atlanta Falcons,Tennessee Titans,1,10,ATL,TEN,20,23,0,7.0,6.0,0,0,,,,
401773000,2025-08-16,2025,3,preseason,Pittsburgh Steelers,Tampa Bay Buccaneers,23,27,PIT,TB,14,17,0,7.0,7.0,0,0,,,,
401773003,2025-08-16,2025,3,preseason,Indianapolis Colts,Green Bay Packers,11,9,IND,GB,19,23,0,9.0,6.0,0,0,,,,
401773006,2025-08-16,2025,3,preseason,Philadelphia Eagles,Cleveland Browns,21,5,PHI,CLE,13,22,0,9.0,8.0,0,0,,,,
401773007,2025-08-16,2025,3,preseason,Dallas Cowboys,Baltimore Ravens,6,33,DAL,BAL,13,31,0,7.0,9.0,0,0,,,,
401773009,2025-08-16,2025,3,preseason,New York Giants,New York Jets,19,20,NYG,NYJ,31,12,1,7.0,6.0,0,0,,,,
401773013,2025-08-16,2025,3,preseason,Minnesota Vikings,New England Patriots,16,17,MIN,NE,12,20,0,7.0,8.0,0,0,,,,
401773021,2025-08-16,2025,3,preseason,Los Angeles Rams,Los Angeles Chargers,14,24,LAR,LAC,23,22,1,7.0,6.0,0,0,,,,
401773027,2025-08-16,2025,3,preseason,Houston Texans,Carolina Panthers,34,29,HOU,CAR,20,3,1,7.0,8.0,0,0,,,,
401774569,2025-08-16,2025,3,preseason,Las Vegas Raiders,San Francisco 49ers,13,25,LV,SF,19,22,0,7.0,6.0,0,0,,,,
401774591,2025-08-16,2025,3,preseason,Seattle Seahawks,Kansas City Chiefs,26,12,SEA,KC,33,16,1,7.0,6.0,0,0,,,,
401776264,2025-08-16,2025,3,preseason,Detroit Lions,Miami Dolphins,8,15,DET,MIA,17,24,0,8.0,7.0,0,0,,,,
401774637,2025-08-17,2025,3,preseason,Denver Broncos,Arizona Cardinals,7,22,DEN,ARI,27,7,1,7.0,7.0,0,0,,,,
401772972,2025-08-18,2025,3,preseason,Chicago Bears,Buffalo Bills,3,2,CHI,BUF,38,0,1,7.0,9.0,0,0,,,,
401772973,2025-08-19,2025,3,preseason,Washington Commanders,Cincinnati Bengals,28,4,WSH,CIN,17,31,0,11.0,12.0,0,0,,,,
401773019,2025-08-21,2025,4,preseason,Carolina Panthers,Pittsburgh Steelers,29,23,CAR,PIT,10,19,0,5.0,5.0,0,0,,,,
401772974,2025-08-22,2025,4,preseason,New York Giants,New England Patriots,19,17,NYG,NE,42,10,1,6.0,6.0,0,0,,,,
401772997,2025-08-22,2025,4,preseason,New York Jets,Philadelphia Eagles,20,21,NYJ,PHI,17,19,0,6.0,6.0,0,0,,,,
401772975,2025-08-23,2025,4,preseason,Tennessee Titans,Minnesota Vikings,10,16,TEN,MIN,23,13,1,8.0,7.0,0,0,,,,
401772998,2025-08-23,2025,4,preseason,Cincinnati Bengals,Indianapolis Colts,4,11,CIN,IND,14,41,0,4.0,7.0,0,0,,,,
401772999,2025-08-23,2025,4,preseason,Cleveland Browns,Los Angeles Rams,5,14,CLE,LAR,19,17,1,7.0,7.0,0,0,,,,
401773004,2025-08-23,2025,4,preseason,Kansas City Chiefs,Chicago Bears,12,3,KC,CHI,27,29,0,7.0,5.0,0,0,,,,
401773008,2025-08-23,2025,4,preseason,Dallas Cowboys,Atlanta Falcons,6,1,DAL,ATL,31,13,1,7.0,8.0,0,0,,,,
401773011,2025-08-23,2025,4,preseason,Green Bay Packers,Seattle Seahawks,9,26,GB,SEA,20,7,1,7.0,7.0,0,0,,,,
401773015,2025-08-23,2025,4,preseason,New Orleans Saints,Denver Broncos,18,7,NO,DEN,19,28,0,13.0,6.0,0,0,,,,
401774030,2025-08-23,2025,4,preseason,Tampa Bay Buccaneers,Buffalo Bills,27,2,TB,BUF,19,23,0,7.0,5.0,0,0,,,,
401776265,2025-08-23,2025,4,preseason,Detroit Lions,Houston Texans,8,34,DET,HOU,7,26,0,7.0,7.0,0,0,,,,
401776565,2025-08-23,2025,4,preseason,Miami Dolphins,Jacksonville Jaguars,15,30,MIA,JAX,14,6,1,7.0,14.0,0,0,,,,
401777124,2025-08-23,2025,4,preseason,Washington Commanders,Baltimore Ravens,28,33,WSH,BAL,3,30,0,4.0,7.0,0,0,,,,
401774590,2025-08-24,2025,4,preseason,Arizona Cardinals,Las Vegas Raiders,22,13,ARI,LV,20,10,1,7.0,8.0,0,0,,,,
401776567,2025-08-24,2025,4,preseason,San Francisco 49ers,Los Angeles Chargers,25,24,SF,LAC,30,23,1,8.0,8.0,0,0,,,,
401772510,2025-09-05,2025,1,regular,Philadelphia Eagles,Dallas Cowboys,21,6,PHI,DAL,24,20,1,14.0,13.0,1,0,,,,
401772714,2025-09-06,2025,1,regular,Los Angeles Chargers,Kansas City Chiefs,24,12,LAC,KC,27,21,1,13.0,14.0,1,1,,,,
401772718,2025-09-07,2025,1,regular,New Orleans Saints,Arizona Cardinals,18,22,NO,ARI,13,20,0,15.0,14.0,0,0,,,,
401772719,2025-09-07,2025,1,regular,Indianapolis Colts,Miami Dolphins,11,15,IND,MIA,33,8,1,15.0,15.0,0,0,,,,
401772720,2025-09-07,2025,1,regular,New England Patriots,Las Vegas Raiders,17,13,NE,LV,13,20,0,16.0,14.0,0,0,,,,
401772721,2025-09-07,2025,1,regular,New York Jets,Pittsburgh Steelers,20,23,NYJ,PIT,32,34,0,16.0,17.0,0,0,,,,
401772722,2025-09-07,2025,1,regular,Green Bay Packers,Detroit Lions,9,8,GB,DET,27,13,1,15.0,15.0,1,0,,,,
401772723,2025-09-07,2025,1,regular,Los Angeles Rams,Houston Texans,14,34,LAR,HOU,14,9,1,15.0,15.0,0,0,,,,
401772827,2025-09-07,2025,1,regular,Washington Commanders,New York Giants,28,19,WSH,NYG,21,6,1,15.0,16.0,1,0,,,,
401772828,2025-09-07,2025,1,regular,Jacksonville Jaguars,Carolina Panthers,30,29,JAX,CAR,26,10,1,15.0,17.0,0,0,,,,
401772829,2025-09-07,2025,1,regular,Cleveland Browns,Cincinnati Bengals,5,4,CLE,CIN,16,17,0,15.0,15.0,1,0,,,,
401772830,2025-09-07,2025,1,regular,Atlanta Falcons,Tampa Bay Buccaneers,1,27,ATL,TB,20,23,0,15.0,15.0,1,0,,,,
401772831,2025-09-07,2025,1,regular,Seattle Seahawks,San Francisco 49ers,26,25,SEA,SF,13,17,0,15.0,14.0,1,0,,,,
401772832,2025-09-07,2025,1,regular,Denver Broncos,Tennessee Titans,7,10,DEN,TEN,20,12,1,15.0,15.0,0,0,,,,
401772918,2025-09-08,2025,1,regular,Buffalo Bills,Baltimore Ravens,2,33,BUF,BAL,41,40,1,16.0,16.0,0,0,,,,
401772810,2025-09-09,2025,1,regular,Chicago Bears,Minnesota Vikings,3,16,CHI,MIN,24,27,0,17.0,17.0,1,0,,,,
401772936,2025-09-12,2025,2,regular,Green Bay Packers,Washington Commanders,9,28,GB,WSH,27,18,1,5.0,5.0,0,0,,,,
401772724,2025-09-14,2025,2,regular,Tennessee Titans,Los Angeles Rams,10,14,TEN,LAR,19,33,0,7.0,7.0,0,0,,,,
401772725,2025-09-14,2025,2,regular,Cincinnati Bengals,Jacksonville Jaguars,4,30,CIN,JAX,31,27,1,7.0,7.0,0,0,,,,
401772726,2025-09-14,2025,2,regular,Baltimore Ravens,Cleveland Browns,33,5,BAL,CLE,41,17,1,6.0,7.0,1,0,,,,
401772727,2025-09-14,2025,2,regular,New York Jets,Buffalo Bills,20,2,NYJ,BUF,10,30,0,7.0,6.0,1,0,,,,
401772728,2025-09-14,2025,2,regular,Miami Dolphins,New England Patriots,15,17,MIA,NE,27,33,0,7.0,7.0,1,0,,,,
401772729,2025-09-14,2025,2,regular,Indianapolis Colts,Denver Broncos,11,7,IND,DEN,29,28,1,7.0,7.0,0,0,,,,
401772730,2025-09-14,2025,2,regular,Arizona Cardinals,Carolina Panthers,22,29,ARI,CAR,27,22,1,7.0,7.0,0,0,,,,
401772833,2025-09-14,2025,2,regular,New Orleans Saints,San Francisco 49ers,18,25,NO,SF,21,26,0,7.0,7.0,0,0,,,,
401772834,2025-09-14,2025,2,regular,Dallas Cowboys,New York Giants,6,19,DAL,NYG,40,37,1,9.0,7.0,1,0,,,,
401772835,2025-09-14,2025,2,regular,Detroit Lions,Chicago Bears,8,3,DET,CHI,52,21,1,7.0,5.0,1,0,,,,
401772836,2025-09-14,2025,2,regular,Pittsburgh Steelers,Seattle Seahawks,23,26,PIT,SEA,17,31,0,7.0,7.0,0,0,,,,
401772837,2025-09-14,2025,2,regular,Kansas City Chiefs,Philadelphia Eagles,12,21,KC,PHI,17,20,0,8.0,9.0,0,0,,,,
401772715,2025-09-15,2025,2,regular,Houston Texans,Tampa Bay Buccaneers,34,27,HOU,TB,19,20,0,8.0,8.0,0,0,,,,
401772919,2025-09-15,2025,2,regular,Minnesota Vikings,Atlanta Falcons,16,1,MIN,ATL,6,22,0,6.0,8.0,0,0,,,,
401772811,2025-09-16,2025,2,regular,Las Vegas Raiders,Los Angeles Chargers,13,24,LV,LAC,9,20,0,9.0,10.0,1,0,,,,
401772937,2025-09-19,2025,3,regular,Buffalo Bills,Miami Dolphins,2,15,BUF,MIA,31,21,1,5.0,5.0,1,0,,,,
401772731,2025-09-21,2025,3,regular,Minnesota Vikings,Cincinnati Bengals,16,4,MIN,CIN,48,10,1,6.0,7.0,0,0,,,,
401772732,2025-09-21,2025,3,regular,New England Patriots,Pittsburgh Steelers,17,23,NE,PIT,14,21,0,7.0,7.0,0,0,,,,
401772733,2025-09-21,2025,3,regular,Tennessee Titans,Indianapolis Colts,10,11,TEN,IND,20,41,0,7.0,7.0,1,0,,,,
401772734,2025-09-21,2025,3,regular,Jacksonville Jaguars,Houston Texans,30,34,JAX,HOU,17,10,1,7.0,6.0,1,0,,,,
401772735,2025-09-21,2025,3,regular,Los Angeles Chargers,Denver Broncos,24,7,LAC,DEN,23,20,1,5.0,7.0,1,0,,,,
401772736,2025-09-21,2025,3,regular,Seattle Seahawks,New Orleans Saints,26,18,SEA,NO,44,13,1,7.0,7.0,0,0,,,,
401772838,2025-09-21,2025,3,regular,Carolina Panthers,Atlanta Falcons,29,1,CAR,ATL,30,0,1,7.0,6.0,1,0,,,,
401772839,2025-09-21,2025,3,regular,Philadelphia Eagles,Los Angeles Rams,21,14,PHI,LAR,33,26,1,7.0,7.0,0,0,,,,
401772840,2025-09-21,2025,3,regular,Tampa Bay Buccaneers,New York Jets,27,20,TB,NYJ,29,27,1,6.0,7.0,0,0,,,,
401772841,2025-09-21,2025,3,regular,Washington Commanders,Las Vegas Raiders,28,13,WSH,LV,41,24,1,9.0,5.0,0,0,,,,
401772842,2025-09-21,2025,3,regular,Cleveland Browns,Green Bay Packers,5,9,CLE,GB,13,10,1,7.0,9.0,0,0,,,,
401772843,2025-09-21,2025,3,regular,San Francisco 49ers,Arizona Cardinals,25,22,SF,ARI,16,15,1,7.0,7.0,1,0,,,,
401772844,2025-09-21,2025,3,regular,Chicago Bears,Dallas Cowboys,3,6,CHI,DAL,31,14,1,7.0,7.0,0,0,,,,
401772920,2025-09-22,2025,3,regular,New York Giants,Kansas City Chiefs,19,12,NYG,KC,9,22,0,8.0,8.0,0,0,,,,
401772812,2025-09-23,2025,3,regular,Baltimore Ravens,Detroit Lions,33,8,BAL,DET,30,38,0,9.0,9.0,0,0,,,,
401772938,2025-09-26,2025,4,regular,Arizona Cardinals,Seattle Seahawks,22,26,ARI,SEA,20,23,0,5.0,5.0,1,0,,,,
401772632,2025-09-28,2025,4,regular,Pittsburgh Steelers,Minnesota Vikings,23,16,PIT,MIN,24,21,1,7.0,7.0,0,1,,,,
401772737,2025-09-28,2025,4,regular,New York Giants,Los Angeles Chargers,19,24,NYG,LAC,21,18,1,6.0,7.0,0,0,,,,
401772738,2025-09-28,2025,4,regular,Houston Texans,Tennessee Titans,34,10,HOU,TEN,26,0,1,7.0,7.0,1,0,,,,
401772739,2025-09-28,2025,4,regular,Atlanta Falcons,Washington Commanders,1,28,ATL,WSH,34,27,1,7.0,7.0,0,0,,,,
401772740,2025-09-28,2025,4,regular,Buffalo Bills,New Orleans Saints,2,18,BUF,NO,31,19,1,9.0,7.0,0,0,,,,
401772741,2025-09-28,2025,4,regular,Kansas City Chiefs,Baltimore Ravens,12,33,KC,BAL,37,20,1,6.0,5.0,0,0,,,,
401772742,2025-09-28,2025,4,regular,Las Vegas Raiders,Chicago Bears,13,3,LV,CHI,24,25,0,7.0,7.0,0,0,,,,
401772845,2025-09-28,2025,4,regular,Tampa Bay Buccaneers,Philadelphia Eagles,27,21,TB,PHI,25,31,0,7.0,7.0,0,0,,,,
401772846,2025-09-28,2025,4,regular,Detroit Lions,Cleveland Browns,8,5,DET,CLE,34,10,1,5.0,7.0,0,0,,,,
401772847,2025-09-28,2025,4,regular,New England Patriots,Carolina Panthers,17,29,NE,CAR,42,13,1,7.0,7.0,0,0,,,,
401772848,2025-09-28,2025,4,regular,San Francisco 49ers,Jacksonville Jaguars,25,30,SF,JAX,21,26,0,7.0,7.0,0,0,,,,
401772849,2025-09-28,2025,4,regular,Los Angeles Rams,Indianapolis Colts,14,11,LAR,IND,27,20,1,7.0,7.0,0,0,,,,
401772813,2025-09-29,2025,4,regular,Miami Dolphins,New York Jets,15,20,MIA,NYJ,27,21,1,10.0,8.0,1,0,,,,
401772716,2025-09-30,2025,4,regular,Denver Broncos,Cincinnati Bengals,7,4,DEN,CIN,28,3,1,9.0,9.0,0,0,,,,
401772939,2025-10-03,2025,5,regular,Los Angeles Rams,San Francisco 49ers,14,25,LAR,SF,23,26,0,5.0,5.0,1,0,,,,
401772633,2025-10-05,2025,5,regular,Cleveland Browns,Minnesota Vikings,5,16,CLE,MIN,17,21,0,7.0,7.0,0,1,,,,
401772743,2025-10-05,2025,5,regular,Baltimore Ravens,Houston Texans,33,34,BAL,HOU,10,44,0,7.0,7.0,0,0,,,,
401772744,2025-10-05,2025,5,regular,New Orleans Saints,New York Giants,18,19,NO,NYG,26,14,1,7.0,7.0,0,0,,,,
401772745,2025-10-05,2025,5,regular,Philadelphia Eagles,Denver Broncos,21,7,PHI,DEN,17,21,0,7.0,5.0,0,0,,,,
401772746,2025-10-05,2025,5,regular,Seattle Seahawks,Tampa Bay Buccaneers,26,27,SEA,TB,35,38,0,9.0,7.0,0,0,,,,
401772747,2025-10-05,2025,5,regular,Arizona Cardinals,Tennessee Titans,22,10,ARI,TEN,21,22,0,9.0,7.0,0,0,,,,
401772850,2025-10-05,2025,5,regular,New York Jets,Dallas Cowboys,20,6,NYJ,DAL,22,37,0,6.0,14.0,0,0,,,,
401772851,2025-10-05,2025,5,regular,Indianapolis Colts,Las Vegas Raiders,11,13,IND,LV,40,6,1,7.0,7.0,0,0,,,,
401772852,2025-10-05,2025,5,regular,Carolina Panthers,Miami Dolphins,29,15,CAR,MIA,27,24,1,7.0,6.0,0,0,,,,
401772853,2025-10-05,2025,5,regular,Los Angeles Chargers,Washington Commanders,24,28,LAC,WSH,10,27,0,7.0,7.0,0,0,,,,
401772854,2025-10-05,2025,5,regular,Cincinnati Bengals,Detroit Lions,4,8,CIN,DET,24,37,0,5.0,7.0,0,0,,,,
401772922,2025-10-06,2025,5,regular,Buffalo Bills,New England Patriots,2,17,BUF,NE,20,23,0,8.0,8.0,1,0,,,,
401772814,2025-10-07,2025,5,regular,Jacksonville Jaguars,Kansas City Chiefs,30,12,JAX,KC,31,28,1,9.0,9.0,0,0,,,,
401772940,2025-10-10,2025,6,regular,New York Giants,Philadelphia Eagles,19,21,NYG,PHI,34,17,1,5.0,5.0,1,0,,,,
401772634,2025-10-12,2025,6,regular,New York Jets,Denver Broncos,20,7,NYJ,DEN,11,13,0,7.0,7.0,0,1,,,,
401772748,2025-10-12,2025,6,regular,Pittsburgh Steelers,Cleveland Browns,23,5,PIT,CLE,23,9,1,14.0,7.0,1,0,,,,
401772749,2025-10-12,2025,6,regular,Tampa Bay Buccaneers,San Francisco 49ers,27,25,TB,SF,30,19,1,7.0,9.0,0,0,,,,
401772750,2025-10-12,2025,6,regular,Miami Dolphins,Los Angeles Chargers,15,24,MIA,LAC,27,29,0,7.0,7.0,0,0,,,,
401772751,2025-10-12,2025,6,regular,New Orleans Saints,New England Patriots,18,17,NO,NE,19,25,0,7.0,6.0,0,0,,,,
401772752,2025-10-12,2025,6,regular,Green Bay Packers,Cincinnati Bengals,9,4,GB,CIN,27,18,1,21.0,7.0,0,0,,,,
401772855,2025-10-12,2025,6,regular,Baltimore Ravens,Los Angeles Rams,33,14,BAL,LAR,3,17,0,7.0,9.0,0,0,,,,
401772856,2025-10-12,2025,6,regular,Indianapolis Colts,Arizona Cardinals,11,22,IND,ARI,31,27,1,7.0,7.0,0,0,,,,
401772857,2025-10-12,2025,6,regular,Jacksonville Jaguars,Seattle Seahawks,30,26,JAX,SEA,12,20,0,5.0,7.0,0,0,,,,
401772858,2025-10-12,2025,6,regular,Carolina Panthers,Dallas Cowboys,29,6,CAR,DAL,30,27,1,7.0,7.0,0,0,,,,
401772859,2025-10-12,2025,6,regular,Las Vegas Raiders,Tennessee Titans,13,10,LV,TEN,20,10,1,7.0,7.0,0,0,,,,
401772815,2025-10-13,2025,6,regular,Atlanta Falcons,Buffalo Bills,1,2,ATL,BUF,24,14,1,15.0,7.0,0,0,,,,
401772923,2025-10-13,2025,6,regular,Kansas City Chiefs,Detroit Lions,12,8,KC,DET,30,17,1,6.0,8.0,0,0,,,,
401772717,2025-10-14,2025,6,regular,Washington Commanders,Chicago Bears,28,3,WSH,CHI,24,25,0,9.0,16.0,0,0,,,,
401772941,2025-10-17,2025,7,regular,Cincinnati Bengals,Pittsburgh Steelers,4,23,CIN,PIT,33,31,1,5.0,5.0,1,0,,,,
401772635,2025-10-19,2025,7,regular,Jacksonville Jaguars,Los Angeles Rams,30,14,JAX,LAR,7,35,0,7.0,7.0,0,1,,,,
401772753,2025-10-19,2025,7,regular,Kansas City Chiefs,Las Vegas Raiders,12,13,KC,LV,31,0,1,6.0,7.0,1,0,,,,
401772754,2025-10-19,2025,7,regular,Cleveland Browns,Miami Dolphins,5,15,CLE,MIA,31,6,1,7.0,7.0,0,0,,,,
401772755,2025-10-19,2025,7,regular,Tennessee Titans,New England Patriots,10,17,TEN,NE,13,31,0,7.0,7.0,0,0,,,,
401772756,2025-10-19,2025,7,regular,Los Angeles Chargers,Indianapolis Colts,24,11,LAC,IND,24,38,0,7.0,7.0,0,0,,,,
401772757,2025-10-19,2025,7,regular,Denver Broncos,New York Giants,7,19,DEN,NYG,33,32,1,7.0,9.0,0,0,,,,
401772860,2025-10-19,2025,7,regular,New York Jets,Carolina Panthers,20,29,NYJ,CAR,6,13,0,7.0,7.0,0,0,,,,
401772861,2025-10-19,2025,7,regular,Chicago Bears,New Orleans Saints,3,18,CHI,NO,26,14,1,5.0,7.0,0,0,,,,
401772862,2025-10-19,2025,7,regular,Minnesota Vikings,Philadelphia Eagles,16,21,MIN,PHI,22,28,0,14.0,9.0,0,0,,,,
401772863,2025-10-19,2025,7,regular,Arizona Cardinals,Green Bay Packers,22,9,ARI,GB,23,27,0,7.0,7.0,0,0,,,,
401772864,2025-10-19,2025,7,regular,Dallas Cowboys,Washington Commanders,6,28,DAL,WSH,44,22,1,7.0,5.0,1,0,,,,
401772816,2025-10-20,2025,7,regular,Detroit Lions,Tampa Bay Buccaneers,8,27,DET,TB,24,9,1,7.0,8.0,0,0,,,,
401772924,2025-10-20,2025,7,regular,San Francisco 49ers,Atlanta Falcons,25,1,SF,ATL,20,10,1,8.0,7.0,0,0,,,,
401772826,2025-10-21,2025,7,regular,Seattle Seahawks,Houston Texans,26,34,SEA,HOU,27,19,1,9.0,16.0,0,0,,,,
401772942,2025-10-24,2025,8,regular,Los Angeles Chargers,Minnesota Vikings,24,16,LAC,MIN,37,10,1,5.0,5.0,0,0,,,,
401772758,2025-10-26,2025,8,regular,Cincinnati Bengals,New York Jets,4,20,CIN,NYJ,38,39,0,9.0,7.0,0,0,,,,
401772759,2025-10-26,2025,8,regular,Baltimore Ravens,Chicago Bears,33,3,BAL,CHI,30,16,1,14.0,7.0,0,0,,,,
401772760,2025-10-26,2025,8,regular,Atlanta Falcons,Miami Dolphins,1,15,ATL,MIA,10,34,0,6.0,7.0,0,0,,,,
401772761,2025-10-26,2025,8,regular,Indianapolis Colts,Tennessee Titans,11,10,IND,TEN,38,14,1,7.0,7.0,1,0,,,,
401772762,2025-10-26,2025,8,regular,Denver Broncos,Dallas Cowboys,7,6,DEN,DAL,44,24,1,7.0,7.0,0,0,,,,
401772865,2025-10-26,2025,8,regular,Carolina Panthers,Buffalo Bills,29,2,CAR,BUF,9,40,0,7.0,13.0,0,0,,,,
401772866,2025-10-26,2025,8,regular,Houston Texans,San Francisco 49ers,34,25,HOU,SF,26,15,1,5.0,6.0,0,0,,,,
401772867,2025-10-26,2025,8,regular,Philadelphia Eagles,New York Giants,21,19,PHI,NYG,38,20,1,7.0,7.0,1,0,,,,
401772868,2025-10-26,2025,8,regular,New England Patriots,Cleveland Browns,17,5,NE,CLE,32,13,1,7.0,7.0,0,0,,,,
401772869,2025-10-26,2025,8,regular,New Orleans Saints,Tampa Bay Buccaneers,18,27,NO,TB,3,23,0,7.0,6.0,1,0,,,,
401772925,2025-10-27,2025,8,regular,Pittsburgh Steelers,Green Bay Packers,23,9,PIT,GB,25,35,0,10.0,8.0,0,0,,,,
401772817,2025-10-28,2025,8,regular,Kansas City Chiefs,Washington Commanders,12,28,KC,WSH,28,7,1,9.0,9.0,0,0,,,,
401772943,2025-10-31,2025,9,regular,Miami Dolphins,Baltimore Ravens,15,33,MIA,BAL,6,28,0,5.0,5.0,0,0,,,,
401772763,2025-11-02,2025,9,regular,New England Patriots,Atlanta Falcons,17,1,NE,ATL,24,23,1,7.0,7.0,0,0,,,,
401772764,2025-11-02,2025,9,regular,Tennessee Titans,Los Angeles Chargers,10,24,TEN,LAC,20,27,0,7.0,9.0,0,0,,,,
401772765,2025-11-02,2025,9,regular,Cincinnati Bengals,Chicago Bears,4,3,CIN,CHI,42,47,0,7.0,7.0,0,0,,,,
401772766,2025-11-02,2025,9,regular,Pittsburgh Steelers,Indianapolis Colts,23,11,PIT,IND,27,20,1,6.0,7.0,0,0,,,,
401772767,2025-11-02,2025,9,regular,New York Giants,San Francisco 49ers,19,25,NYG,SF,24,34,0,7.0,7.0,0,0,,,,
401772768,2025-11-02,2025,9,regular,Buffalo Bills,Kansas City Chiefs,2,12,BUF,KC,28,21,1,7.0,5.0,0,0,,,,
401772870,2025-11-02,2025,9,regular,Houston Texans,Denver Broncos,34,7,HOU,DEN,15,18,0,7.0,7.0,0,0,,,,
401772871,2025-11-02,2025,9,regular,Detroit Lions,Minnesota Vikings,8,16,DET,MIN,24,27,0,13.0,9.0,1,0,,,,
401772872,2025-11-02,2025,9,regular,Green Bay Packers,Carolina Panthers,9,29,GB,CAR,13,16,0,6.0,7.0,0,0,,,,
401772873,2025-11-02,2025,9,regular,Las Vegas Raiders,Jacksonville Jaguars,13,30,LV,JAX,29,30,0,14.0,14.0,0,0,,,,
401772874,2025-11-02,2025,9,regular,Los Angeles Rams,New Orleans Saints,14,18,LAR,NO,34,10,1,14.0,7.0,0,0,,,,
401772926,2025-11-03,2025,9,regular,Washington Commanders,Seattle Seahawks,28,26,WSH,SEA,14,38,0,6.0,13.0,0,0,,,,
401772818,2025-11-04,2025,9,regular,Dallas Cowboys,Arizona Cardinals,6,22,DAL,ARI,17,27,0,9.0,16.0,0,0,,,,
401772944,2025-11-07,2025,10,regular,Denver Broncos,Las Vegas Raiders,7,13,DEN,LV,10,7,1,5.0,5.0,1,0,,,,
401772636,2025-11-09,2025,10,regular,Indianapolis Colts,Atlanta Falcons,11,1,IND,ATL,31,25,1,7.0,7.0,0,1,,,,
401772769,2025-11-09,2025,10,regular,New York Jets,Cleveland Browns,20,5,NYJ,CLE,27,20,1,14.0,14.0,0,0,,,,
401772770,2025-11-09,2025,10,regular,Houston Texans,Jacksonville Jaguars,34,30,HOU,JAX,36,29,1,7.0,7.0,1,0,,,,
401772771,2025-11-09,2025,10,regular,Miami Dolphins,Buffalo Bills,15,2,MIA,BUF,30,13,1,9.0,7.0,1,0,,,,
401772772,2025-11-09,2025,10,regular,Tampa Bay Buccaneers,New England Patriots,27,17,TB,NE,23,28,0,14.0,7.0,0,0,,,,
401772773,2025-11-09,2025,10,regular,Seattle Seahawks,Arizona Cardinals,26,22,SEA,ARI,44,22,1,6.0,5.0,1,0,,,,
401772875,2025-11-09,2025,10,regular,Chicago Bears,New York Giants,3,19,CHI,NYG,24,20,1,7.0,7.0,0,0,,,,
401772876,2025-11-09,2025,10,regular,Minnesota Vikings,Baltimore Ravens,16,33,MIN,BAL,19,27,0,7.0,9.0,0,0,,,,
401772877,2025-11-09,2025,10,regular,Carolina Panthers,New Orleans Saints,29,18,CAR,NO,7,17,0,7.0,7.0,1,0,,,,
401772878,2025-11-09,2025,10,regular,Washington Commanders,Detroit Lions,28,8,WSH,DET,22,44,0,6.0,7.0,0,0,,,,
401772879,2025-11-09,2025,10,regular,San Francisco 49ers,Los Angeles Rams,25,14,SF,LAR,26,42,0,7.0,7.0,1,0,,,,
401772927,2025-11-10,2025,10,regular,Los Angeles Chargers,Pittsburgh Steelers,24,23,LAC,PIT,25,10,1,8.0,8.0,0,0,,,,
401772630,2025-11-11,2025,10,regular,Green Bay Packers,Philadelphia Eagles,9,21,GB,PHI,7,10,0,9.0,16.0,0,0,,,,
401772945,2025-11-14,2025,11,regular,New England Patriots,New York Jets,17,20,NE,NYJ,27,14,1,5.0,5.0,1,0,,,,
401772631,2025-11-16,2025,11,regular,Miami Dolphins,Washington Commanders,15,28,MIA,WSH,16,13,1,7.0,7.0,0,1,,,,
401772774,2025-11-16,2025,11,regular,Pittsburgh Steelers,Cincinnati Bengals,23,4,PIT,CIN,34,12,1,6.0,14.0,1,0,,,,
401772775,2025-11-16,2025,11,regular,Jacksonville Jaguars,Los Angeles Chargers,30,24,JAX,LAC,35,6,1,7.0,6.0,0,0,,,,
401772776,2025-11-16,2025,11,regular,Buffalo Bills,Tampa Bay Buccaneers,2,27,BUF,TB,44,32,1,7.0,7.0,0,0,,,,
401772777,2025-11-16,2025,11,regular,Cleveland Browns,Baltimore Ravens,5,33,CLE,BAL,16,23,0,7.0,7.0,1,0,,,,
401772778,2025-11-16,2025,11,regular,Denver Broncos,Kansas City Chiefs,7,12,DEN,KC,22,19,1,9.0,14.0,1,0,,,,
401772880,2025-11-16,2025,11,regular,Minnesota Vikings,Chicago Bears,16,3,MIN,CHI,17,19,0,7.0,7.0,1,0,,,,
401772881,2025-11-16,2025,11,regular,Tennessee Titans,Houston Texans,10,34,TEN,HOU,13,16,0,14.0,7.0,1,0,,,,
401772882,2025-11-16,2025,11,regular,Atlanta Falcons,Carolina Panthers,1,29,ATL,CAR,27,30,0,7.0,7.0,1,0,,,,
401772883,2025-11-16,2025,11,regular,New York Giants,Green Bay Packers,19,9,NYG,GB,20,27,0,7.0,5.0,0,0,,,,
401772884,2025-11-16,2025,11,regular,Los Angeles Rams,Seattle Seahawks,14,26,LAR,SEA,21,19,1,7.0,7.0,1,0,,,,
401772885,2025-11-16,2025,11,regular,Arizona Cardinals,San Francisco 49ers,22,25,ARI,SF,22,41,0,7.0,7.0,1,0,,,,
401772928,2025-11-17,2025,11,regular,Philadelphia Eagles,Detroit Lions,21,8,PHI,DET,16,9,1,6.0,8.0,0,0,,,,
401772819,2025-11-18,2025,11,regular,Las Vegas Raiders,Dallas Cowboys,13,6,LV,DAL,16,33,0,11.0,14.0,0,0,,,,
401772946,2025-11-21,2025,12,regular,Houston Texans,Buffalo Bills,34,2,HOU,BUF,23,19,1,5.0,5.0,0,0,,,,
401772779,2025-11-23,2025,12,regular,Kansas City Chiefs,Indianapolis Colts,12,11,KC,IND,23,20,1,7.0,14.0,0,0,,,,
401772780,2025-11-23,2025,12,regular,Chicago Bears,Pittsburgh Steelers,3,23,CHI,PIT,31,28,1,7.0,7.0,0,0,,,,
401772781,2025-11-23,2025,12,regular,Cincinnati Bengals,New England Patriots,4,17,CIN,NE,20,26,0,7.0,9.0,0,0,,,,
401772782,2025-11-23,2025,12,regular,Baltimore Ravens,New York Jets,33,20,BAL,NYJ,23,10,1,7.0,9.0,0,0,,,,
401772783,2025-11-23,2025,12,regular,Arizona Cardinals,Jacksonville Jaguars,22,30,ARI,JAX,24,27,0,7.0,7.0,0,0,,,,
401772784,2025-11-23,2025,12,regular,Las Vegas Raiders,Cleveland Browns,13,5,LV,CLE,10,24,0,5.0,7.0,0,0,,,,
401772886,2025-11-23,2025,12,regular,Tennessee Titans,Seattle Seahawks,10,26,TEN,SEA,24,30,0,7.0,7.0,0,0,,,,
401772887,2025-11-23,2025,12,regular,Green Bay Packers,Minnesota Vikings,9,16,GB,MIN,23,6,1,7.0,7.0,1,0,,,,
401772888,2025-11-23,2025,12,regular,Detroit Lions,New York Giants,8,19,DET,NYG,34,27,1,6.0,7.0,0,0,,,,
401772889,2025-11-23,2025,12,regular,New Orleans Saints,Atlanta Falcons,18,1,NO,ATL,10,24,0,14.0,7.0,1,0,,,,
401772890,2025-11-23,2025,12,regular,Dallas Cowboys,Philadelphia Eagles,6,21,DAL,PHI,24,21,1,5.0,6.0,1,0,,,,
401772929,2025-11-24,2025,12,regular,Los Angeles Rams,Tampa Bay Buccaneers,14,27,LAR,TB,34,7,1,8.0,8.0,0,0,,,,
401772820,2025-11-25,2025,12,regular,San Francisco 49ers,Carolina Panthers,25,29,SF,CAR,20,9,1,9.0,9.0,0,0,,,,
401772694,2025-11-27,2025,13,regular,Dallas Cowboys,Kansas City Chiefs,6,12,DAL,KC,31,28,1,4.0,4.0,0,0,,,,
401772891,2025-11-27,2025,13,regular,Detroit Lions,Green Bay Packers,8,9,DET,GB,24,31,0,4.0,4.0,1,0,,,,
401772621,2025-11-28,2025,13,regular,Philadelphia Eagles,Chicago Bears,21,3,PHI,CHI,15,24,0,5.0,5.0,0,0,,,,
401772930,2025-11-28,2025,13,regular,Baltimore Ravens,Cincinnati Bengals,33,4,BAL,CIN,14,32,0,5.0,5.0,1,0,,,,
401772785,2025-11-30,2025,13,regular,Cleveland Browns,San Francisco 49ers,5,25,CLE,SF,8,26,0,7.0,5.0,0,0,,,,
401772786,2025-11-30,2025,13,regular,Tennessee Titans,Jacksonville Jaguars,10,30,TEN,JAX,3,25,0,7.0,7.0,1,0,,,,
401772787,2025-11-30,2025,13,regular,Indianapolis Colts,Houston Texans,11,34,IND,HOU,16,20,0,7.0,9.0,1,0,,,,
401772788,2025-11-30,2025,13,regular,Los Angeles Chargers,Las Vegas Raiders,24,13,LAC,LV,31,14,1,14.0,7.0,1,0,,,,
401772789,2025-11-30,2025,13,regular,Pittsburgh Steelers,Buffalo Bills,23,2,PIT,BUF,7,26,0,7.0,9.0,0,0,,,,
401772892,2025-11-30,2025,13,regular,Miami Dolphins,New Orleans Saints,15,18,MIA,NO,21,17,1,14.0,7.0,0,0,,,,
401772893,2025-11-30,2025,13,regular,New York Jets,Atlanta Falcons,20,1,NYJ,ATL,27,24,1,7.0,7.0,0,0,,,,
401772894,2025-11-30,2025,13,regular,Carolina Panthers,Los Angeles Rams,29,14,CAR,LAR,31,28,1,5.0,6.0,0,0,,,,
401772895,2025-11-30,2025,13,regular,Tampa Bay Buccaneers,Arizona Cardinals,27,22,TB,ARI,20,17,1,6.0,7.0,0,0,,,,
401772896,2025-11-30,2025,13,regular,Seattle Seahawks,Minnesota Vikings,26,16,SEA,MIN,26,0,1,7.0,7.0,0,0,,,,
401772931,2025-12-01,2025,13,regular,Washington Commanders,Denver Broncos,28,7,WSH,DEN,26,27,0,15.0,15.0,0,0,,,,
401772821,2025-12-02,2025,13,regular,New England Patriots,New York Giants,17,19,NE,NYG,33,15,1,9.0,9.0,0,0,,,,
401772947,2025-12-05,2025,14,regular,Detroit Lions,Dallas Cowboys,8,6,DET,DAL,44,30,1,8.0,8.0,0,0,,,,
401772790,2025-12-07,2025,14,regular,New York Jets,Miami Dolphins,20,15,NYJ,MIA,10,34,0,7.0,7.0,1,0,,,,
401772791,2025-12-07,2025,14,regular,Baltimore Ravens,Pittsburgh Steelers,33,23,BAL,PIT,22,27,0,9.0,7.0,1,0,,,,
401772792,2025-12-07,2025,14,regular,Tampa Bay Buccaneers,New Orleans Saints,27,18,TB,NO,20,24,0,7.0,7.0,1,0,,,,
401772793,2025-12-07,2025,14,regular,Jacksonville Jaguars,Indianapolis Colts,30,11,JAX,IND,36,19,1,7.0,7.0,1,0,,,,
401772794,2025-12-07,2025,14,regular,Las Vegas Raiders,Denver Broncos,13,7,LV,DEN,17,24,0,7.0,6.0,1,0,,,,
401772897,2025-12-07,2025,14,regular,Green Bay Packers,Chicago Bears,9,3,GB,CHI,28,21,1,10.0,9.0,1,0,,,,
401772898,2025-12-07,2025,14,regular,Cleveland Browns,Tennessee Titans,5,10,CLE,TEN,29,31,0,7.0,7.0,0,0,,,,
401772899,2025-12-07,2025,14,regular,Minnesota Vikings,Washington Commanders,16,28,MIN,WSH,31,0,1,7.0,6.0,0,0,,,,
401772900,2025-12-07,2025,14,regular,Atlanta Falcons,Seattle Seahawks,1,26,ATL,SEA,9,37,0,7.0,7.0,0,0,,,,
401772901,2025-12-07,2025,14,regular,Arizona Cardinals,Los Angeles Rams,22,14,ARI,LAR,17,45,0,7.0,7.0,1,0,,,,
401772902,2025-12-07,2025,14,regular,Buffalo Bills,Cincinnati Bengals,2,4,BUF,CIN,39,34,1,7.0,9.0,0,0,,,,
401772932,2025-12-08,2025,14,regular,Kansas City Chiefs,Houston Texans,12,34,KC,HOU,10,20,0,11.0,8.0,0,0,,,,
401772822,2025-12-09,2025,14,regular,Los Angeles Chargers,Philadelphia Eagles,24,21,LAC,PHI,22,19,1,9.0,11.0,0,0,,,,
401772948,2025-12-12,2025,15,regular,Tampa Bay Buccaneers,Atlanta Falcons,27,1,TB,ATL,28,29,0,5.0,5.0,1,0,,,,
401772795,2025-12-14,2025,15,regular,New England Patriots,Buffalo Bills,17,2,NE,BUF,31,35,0,12.0,7.0,1,0,,,,
401772796,2025-12-14,2025,15,regular,Cincinnati Bengals,Baltimore Ravens,4,33,CIN,BAL,0,24,0,7.0,7.0,1,0,,,,
401772797,2025-12-14,2025,15,regular,Jacksonville Jaguars,New York Jets,30,20,JAX,NYJ,48,20,1,7.0,7.0,0,0,,,,
401772798,2025-12-14,2025,15,regular,Kansas City Chiefs,Los Angeles Chargers,12,24,KC,LAC,13,16,0,6.0,5.0,1,0,,,,
401772799,2025-12-14,2025,15,regular,Seattle Seahawks,Indianapolis Colts,26,11,SEA,IND,18,16,1,7.0,7.0,0,0,,,,
401772800,2025-12-14,2025,15,regular,Denver Broncos,Green Bay Packers,7,9,DEN,GB,34,26,1,7.0,7.0,0,0,,,,
401772903,2025-12-14,2025,15,regular,Houston Texans,Arizona Cardinals,34,22,HOU,ARI,40,20,1,6.0,7.0,0,0,,,,
401772904,2025-12-14,2025,15,regular,Chicago Bears,Cleveland Browns,3,5,CHI,CLE,31,3,1,7.0,7.0,0,0,,,,
401772905,2025-12-14,2025,15,regular,New York Giants,Washington Commanders,19,28,NYG,WSH,21,29,0,12.0,7.0,1,0,,,,
401772906,2025-12-14,2025,15,regular,Philadelphia Eagles,Las Vegas Raiders,21,13,PHI,LV,31,0,1,5.0,7.0,0,0,,,,
401772907,2025-12-14,2025,15,regular,San Francisco 49ers,Tennessee Titans,25,10,SF,TEN,37,24,1,14.0,7.0,0,0,,,,
401772908,2025-12-14,2025,15,regular,New Orleans Saints,Carolina Panthers,18,29,NO,CAR,20,17,1,7.0,14.0,1,0,,,,
401772909,2025-12-14,2025,15,regular,Los Angeles Rams,Detroit Lions,14,8,LAR,DET,41,34,1,7.0,9.0,0,0,,,,
401772933,2025-12-15,2025,15,regular,Dallas Cowboys,Minnesota Vikings,6,16,DAL,MIN,26,34,0,10.0,8.0,0,0,,,,
401772823,2025-12-16,2025,15,regular,Pittsburgh Steelers,Miami Dolphins,23,15,PIT,MIA,28,15,1,9.0,9.0,0,0,,,,
401772949,2025-12-19,2025,16,regular,Seattle Seahawks,Los Angeles Rams,26,14,SEA,LAR,38,37,1,5.0,5.0,1,0,,,,
401772612,2025-12-20,2025,16,regular,Washington Commanders,Philadelphia Eagles,28,21,WSH,PHI,18,29,0,6.0,6.0,1,0,,,,
401772613,2025-12-21,2025,16,regular,Chicago Bears,Green Bay Packers,3,9,CHI,GB,22,16,1,7.0,7.0,1,0,,,,
401772801,2025-12-21,2025,16,regular,New Orleans Saints,New York Jets,18,20,NO,NYJ,29,6,1,7.0,7.0,0,0,,,,
401772802,2025-12-21,2025,16,regular,Cleveland Browns,Buffalo Bills,5,2,CLE,BUF,20,23,0,7.0,7.0,0,0,,,,
401772803,2025-12-21,2025,16,regular,Tennessee Titans,Kansas City Chiefs,10,12,TEN,KC,26,9,1,7.0,7.0,0,0,,,,
401772805,2025-12-21,2025,16,regular,Houston Texans,Las Vegas Raiders,34,13,HOU,LV,23,21,1,7.0,7.0,0,0,,,,
401772806,2025-12-21,2025,16,regular,Detroit Lions,Pittsburgh Steelers,8,23,DET,PIT,24,29,0,7.0,5.0,0,0,,,,
401772910,2025-12-21,2025,16,regular,Dallas Cowboys,Los Angeles Chargers,6,24,DAL,LAC,17,34,0,6.0,7.0,0,0,,,,
401772911,2025-12-21,2025,16,regular,New York Giants,Minnesota Vikings,19,16,NYG,MIN,13,16,0,7.0,6.0,0,0,,,,
401772912,2025-12-21,2025,16,regular,Carolina Panthers,Tampa Bay Buccaneers,29,27,CAR,TB,23,20,1,7.0,9.0,1,0,,,,
401772913,2025-12-21,2025,16,regular,Denver Broncos,Jacksonville Jaguars,7,30,DEN,JAX,20,34,0,7.0,7.0,0,0,,,,
401772914,2025-12-21,2025,16,regular,Arizona Cardinals,Atlanta Falcons,22,1,ARI,ATL,19,26,0,7.0,9.0,0,0,,,,
401772934,2025-12-21,2025,16,regular,Miami Dolphins,Cincinnati Bengals,15,4,MIA,CIN,21,45,0,5.0,7.0,0,0,,,,
401772804,2025-12-22,2025,16,regular,Baltimore Ravens,New England Patriots,33,17,BAL,NE,24,28,0,8.0,8.0,0,0,,,,
401772824,2025-12-23,2025,16,regular,Indianapolis Colts,San Francisco 49ers,11,25,IND,SF,27,48,0,9.0,9.0,0,0,,,,
401772710,2025-12-25,2025,17,regular,Washington Commanders,Dallas Cowboys,28,6,WSH,DAL,23,30,0,5.0,4.0,1,0,,,,
401772711,2025-12-25,2025,17,regular,Minnesota Vikings,Detroit Lions,16,8,MIN,DET,23,10,1,4.0,4.0,1,0,,,,
401772622,2025-12-26,2025,17,regular,Kansas City Chiefs,Denver Broncos,12,7,KC,DEN,13,20,0,5.0,5.0,1,0,,,,
401772951,2025-12-27,2025,17,regular,Los Angeles Chargers,Houston Texans,24,34,LAC,HOU,16,20,0,6.0,6.0,0,0,,,,
401772807,2025-12-28,2025,17,regular,Cleveland Browns,Pittsburgh Steelers,5,23,CLE,PIT,13,6,1,7.0,7.0,1,0,,,,
401772808,2025-12-28,2025,17,regular,New York Jets,New England Patriots,20,17,NYJ,NE,10,42,0,7.0,6.0,1,0,,,,
401772809,2025-12-28,2025,17,regular,Tennessee Titans,New Orleans Saints,10,18,TEN,NO,26,34,0,7.0,7.0,0,0,,,,
401772915,2025-12-28,2025,17,regular,Indianapolis Colts,Jacksonville Jaguars,11,30,IND,JAX,17,23,0,5.0,7.0,1,0,,,,
401772916,2025-12-28,2025,17,regular,Miami Dolphins,Tampa Bay Buccaneers,15,27,MIA,TB,20,17,1,7.0,7.0,0,0,,,,
401772917,2025-12-28,2025,17,regular,Buffalo Bills,Philadelphia Eagles,2,21,BUF,PHI,12,13,0,7.0,8.0,0,0,,,,
401772950,2025-12-28,2025,17,regular,Las Vegas Raiders,New York Giants,13,19,LV,NYG,10,34,0,7.0,7.0,0,0,,,,
401772952,2025-12-28,2025,17,regular,Carolina Panthers,Seattle Seahawks,29,26,CAR,SEA,10,27,0,7.0,9.0,0,0,,,,
401772953,2025-12-28,2025,17,regular,Green Bay Packers,Baltimore Ravens,9,33,GB,BAL,24,41,0,7.0,6.0,0,0,,,,
401772954,2025-12-28,2025,17,regular,Cincinnati Bengals,Arizona Cardinals,4,22,CIN,ARI,37,14,1,7.0,7.0,0,0,,,,
401772935,2025-12-29,2025,17,regular,San Francisco 49ers,Chicago Bears,25,3,SF,CHI,42,38,1,6.0,8.0,0,0,,,,
401772825,2025-12-30,2025,17,regular,Atlanta Falcons,Los Angeles Rams,1,14,ATL,LAR,27,24,1,9.0,11.0,0,0,,,,
401772969,2026-01-03,2025,18,regular,Tampa Bay Buccaneers,Carolina Panthers,27,29,TB,CAR,16,14,1,6.0,6.0,1,0,,,,
401772955,2026-01-04,2025,18,regular,Los Angeles Rams,Arizona Cardinals,14,22,LAR,ARI,37,20,1,5.0,7.0,1,0,,,,
401772956,2026-01-04,2025,18,regular,Denver Broncos,Los Angeles Chargers,7,24,DEN,LAC,19,3,1,9.0,8.0,1,0,,,,
401772957,2026-01-04,2025,18,regular,Las Vegas Raiders,Kansas City Chiefs,13,12,LV,KC,14,12,1,7.0,9.0,1,0,,,,
401772958,2026-01-04,2025,18,regular,New England Patriots,Miami Dolphins,17,15,NE,MIA,38,10,1,7.0,7.0,1,0,,,,
401772959,2026-01-04,2025,18,regular,Philadelphia Eagles,Washington Commanders,21,28,PHI,WSH,17,24,0,7.0,10.0,1,0,,,,
401772961,2026-01-04,2025,18,regular,San Francisco 49ers,Seattle Seahawks,25,26,SF,SEA,3,13,0,6.0,7.0,1,0,,,,
401772962,2026-01-04,2025,18,regular,Houston Texans,Indianapolis Colts,34,11,HOU,IND,38,30,1,8.0,7.0,1,0,,,,
401772963,2026-01-04,2025,18,regular,New York Giants,Dallas Cowboys,19,6,NYG,DAL,34,17,1,7.0,10.0,1,0,,,,
401772964,2026-01-04,2025,18,regular,Cincinnati Bengals,Cleveland Browns,4,5,CIN,CLE,18,20,0,7.0,7.0,1,0,,,,
401772965,2026-01-04,2025,18,regular,Chicago Bears,Detroit Lions,3,8,CHI,DET,16,19,0,6.0,10.0,1,0,,,,
401772966,2026-01-04,2025,18,regular,Atlanta Falcons,New Orleans Saints,1,18,ATL,NO,19,17,1,5.0,7.0,1,0,,,,
401772967,2026-01-04,2025,18,regular,Buffalo Bills,New York Jets,2,20,BUF,NYJ,35,8,1,7.0,7.0,1,0,,,,
401772968,2026-01-04,2025,18,regular,Minnesota Vikings,Green Bay Packers,16,9,MIN,GB,16,3,1,10.0,7.0,1,0,,,,
401772970,2026-01-04,2025,18,regular,Jacksonville Jaguars,Tennessee Titans,30,10,JAX,TEN,41,7,1,7.0,7.0,1,0,,,,
401772960,2026-01-05,2025,18,regular,Pittsburgh Steelers,Baltimore Ravens,23,33,PIT,BAL,26,24,1,8.0,8.0,1,0,,,,
